idx,name,ra,dec,ins
1,NGC 985,38.657792,-8.788100,uvit2
2,Mrk 509,311.040700,-10.723457,sxt
3,EXO 2030+375,308.063667,37.637472,sxt
4,GX 17+2,274.005787,-14.036283,laxpc2
5,4u1630-472,248.506708,-47.393000,laxpc1
6,1ES2344+514,356.770150,51.704970,laxpc1
7,Sky-9_75_50,237.370539,47.104903,laxpc1
8,Crab,83.633083,22.014494,sxt
9,Sky-9_75_50,237.370539,47.104903,laxpc1
10,Crab,83.633083,22.014494,sxt
11,NGC 188,12.080000,85.223917,uvit1
12,Crab,83.633083,22.014494,laxpc2
13,M33,23.461667,30.726667,uvit2
14,4u1630-472,248.506708,-47.393000,laxpc1
15,Her X-1,254.457542,35.342333,laxpc1
16,4C +38.41,248.811667,38.152500,sxt
17,NGC628,24.173950,15.783660,uvit1
18,Hercules X-1,254.457546,35.342357,uvit1
19,NGC 188,12.080000,85.223917,uvit1
20,HER X-1,254.457542,35.342333,laxpc2
21,V471 Tau,57.604029,17.246509,sxt
22,4C +38.41,248.811667,38.152500,sxt
23,SAX 1750.8-2009,267.601750,-29.037611,sxt
24,NGC 654(2),26.012292,61.888972,uvit1
25,NGC 6809,294.998792,-30.964750,uvit2
26,BD+17 4708,332.880708,18.092833,uvit2
27,HE 2239-5019,340.611792,-50.066917,uvit2
28,NGC 1030,39.960829,18.024280,uvit1
29,IC 5110,322.680792,-60.001830,uvit1
30,IC 5110,322.680792,-60.001830,uvit1
31,AT Mic,310.463163,-32.435230,sxt
32,RX J0439.8-6809,69.956833,-68.150389,uvit1
33,Crab,83.633208,22.014460,sxt
34,NGC 7027,316.757500,42.236111,uvit1
35,ESO235-IG023,314.637079,-49.284720,uvit1
36,NGC 6960-IV,312.258667,30.404972,uvit1
37,NGC 6960-V,311.885958,30.741139,uvit1
38,NGC 6960-VI,312.426000,29.988861,uvit1
39,NGC 6960-VII,312.791042,30.071333,uvit1
40,NGC 6960-IV,312.258667,30.404972,uvit1
41,Cygnus S-1,312.881625,29.067722,uvit1
42,NGC 6960-V,311.885958,30.741139,uvit1
43,NGC 6960-VI,312.426000,29.988861,uvit1
44,RX J1856.6-3754,284.148642,-37.910150,sxt
45,Crab,83.633208,22.014460,sxt
46,Crab Offset,83.428000,22.015000,czt1
47,Abell4059,359.253083,-34.680539,uvit1
48,1H 2354-315,359.782958,-30.627969,sxt
49,PMN J1923-2104,290.884121,-21.075930,sxt
50,NGC1566,65.001675,-54.937938,sxt
51,Blank Sky-8,237.391917,70.348089,laxpc1
52,Mrk 180,174.110000,70.157500,sxt
53,Mrk 180,174.110000,70.157500,sxt
54,XMMBlankF8,333.879167,-17.734722,sxt
55,HE 0007-1832,2.469917,-18.270139,uvit2
56,HE 0007-1832,2.469917,-18.270139,uvit2
57,NGC 1549,63.938042,-55.592250,uvit1
58,NGC 1549,63.938042,-55.592250,uvit1
59,NGC 1549,63.938042,-55.592250,uvit1
60,IC 2058,64.476458,-55.932890,uvit1
61,IC 2058,64.476458,-55.932890,uvit1
62,IC 2058,64.476458,-55.932890,uvit1
63,NGC 1553,64.043629,-55.780140,uvit1
64,NGC 1553,64.043629,-55.780140,uvit1
65,47 Tuc,6.022329,-72.081444,uvit1
66,arp86,356.757079,29.471110,uvit1
67,NGC 7733,355.637292,-65.956500,uvit1
68,UGC 12591,351.340621,28.495210,uvit1
69,NGC 0646,24.356250,-64.896390,uvit1
70,PKS 0352-686,58.239625,-68.521333,sxt
71,UGC 12591,351.340621,28.495210,uvit1
72,Crab,83.633083,22.014500,czt1
73,SMC_Shell_3,15.372500,-70.486583,uvit1
74,SMC_Shell_4,16.168333,-71.225083,uvit1
75,SMC_Shell_5,17.053750,-70.969139,uvit1
76,SMC_Shell_7,18.268333,-71.038389,uvit1
77,NGC 0646,24.356250,-64.896390,uvit1
78,PKS 0352-686,58.239625,-68.521333,sxt
79,UGCA130,100.564721,75.625730,uvit1
80,M31 Field No. 17,9.808417,40.986900,uvit1
81,M31 Field No. 14,9.993958,40.628717,uvit1
82,M31 Field No. 19,10.193625,40.250211,uvit1
83,M31 Field No. 16,10.510083,40.557781,uvit1
84,Vela X-1,135.528583,-40.554694,laxpc1
85,CDFS03,53.458333,-27.966667,uvit2
86,NGC 3351,160.990421,11.703810,uvit1
87,NGC 3351,160.990421,11.703810,uvit1
88,IC 5250,341.835079,-65.058720,uvit1
89,Cartwheel,9.421279,-33.716331,uvit1
90,M31 Field No. 18,9.476917,40.683486,uvit1
91,M31 Field No. 15,9.801542,40.288367,uvit1
92,RX J0537.7-7034,84.429171,-70.570830,uvit1
93,AGC 102983,8.406667,28.739167,uvit1
94,Mrk22,147.376250,55.579720,uvit1
95,NGC 7261,335.029167,58.128056,uvit1
96,MAXI J0911-655,138.010125,-64.868400,laxpc1
97,Vela Pulsar,128.836062,-45.176432,laxpc1
98,Swift J005139.2-721704,12.913333,-72.284333,uvit1
99,4U 0923-31,140.395800,-31.445000,sxt
100,NGC 1961,85.127083,69.378444,uvit1
101,MAXI J0911-655,138.010125,-64.868400,laxpc1
102,Blank Sky-8,237.391917,70.348089,laxpc2
103,AGC 334315 (originally T0,350.049167,22.401944,uvit1
104,M31 Field No. 16,10.510083,40.557781,uvit1
105,M31 Field No. 18,9.476917,40.683486,uvit1
106,M31 Field No. 15,9.801542,40.288367,uvit1
107,CDFS03,53.458333,-27.966667,uvit2
108,SSM1_Crab,304.924083,28.558800,ssm
109,MRK 950,7.487542,32.893678,uvit1
110,AUDISGOODSS,53.123692,-27.735364,uvit1
111,1es 0120+340,20.786033,34.346822,sxt
112,PKS J1153-1105,178.342971,-11.086830,uvit1
113,1es 0120+340,20.786033,34.346822,sxt
114,AUDISGOODSS,53.123692,-27.735364,uvit1
115,DEVILS-CDFS2,53.250000,-28.257778,uvit1
116,NGC 2207,94.092042,-21.372722,uvit1
117,NGC 2298,102.247542,-36.005306,uvit1
118,SWIFT J0759.8-3844,119.924250,-38.732222,uvit1
119,NGC2835,139.470458,-22.354670,uvit1
120,Mrk 124,147.177558,50.491980,uvit2
121,NGC 3627,170.062350,12.991540,uvit1
122,NGC 1961,85.127083,69.378444,uvit1
123,Cartwheel,9.421279,-33.716331,uvit1
124,AGC 102983,8.406667,28.739167,uvit1
125,NGC 7261,335.029167,58.128056,uvit1
126,MCG-2-58-22,346.181158,-8.685730,sxt
127,M67,132.825000,11.800000,uvit1
128,GX 301-2,186.656500,-62.770350,laxpc2
129,NGC 2818,139.006208,-36.627056,uvit1
130,MCG-2-58-22,346.181158,-8.685730,sxt
131,HE 1111-3026,168.437083,-30.713333,uvit1
132,NGC 3587,168.720000,55.033333,uvit1
133,SDSS J124815+174626,192.063458,17.774011,uvit1
134,Cas A,350.850000,58.815000,sxt
135,Vela X-1,135.528583,-40.554694,laxpc1
136,Crab,83.633080,22.014500,czt1
137,Mrk22,147.376250,55.579720,uvit1
138,NGC 4228,183.887208,36.283611,uvit1
139,Mrk 124,147.177558,50.491980,uvit2
140,CDFS03,53.458333,-27.966667,uvit2
141,IC2524,149.386908,33.619730,uvit1
142,MRK 950,7.487542,32.893722,uvit1
143,A779,140.409708,33.360647,uvit2
144,NGC3344,160.879583,24.922222,uvit1
145,NGC 4939,196.059917,-10.339600,uvit1
146,SDSS J112848.22+580741.9,172.200942,58.128331,uvit1
147,NGC 188,12.080000,85.223917,uvit1
148,HE 1012-1540,153.722833,-15.931444,uvit1
149,HE 1012-1540,153.722833,-15.931444,uvit1
150,BPS BS 16545-0089,171.114658,36.841338,uvit1
151,BPS BS 16545-0089,171.114658,36.841338,uvit1
152,DDO 68,149.191917,28.828800,uvit1
153,NGC 1374,53.819121,-35.226250,uvit1
154,KISSR1381,192.270833,43.095000,uvit1
155,KISSR1667/1671*,208.258333,42.970556,uvit1
156,1h0323+342_1,51.171250,34.179444,uvit1
157,1h0323+342_2,51.038458,34.069372,uvit1
158,1h0323+342_3,51.304208,34.179372,uvit1
159,1h0323+342_4,51.038292,34.179372,uvit1
160,1h0323+342_5,51.304375,34.289372,uvit1
161,1h0323+342_6,51.038125,34.289372,uvit1
162,1h0323+342_7,51.171250,34.069444,uvit1
163,1h0323+342_8,51.171250,34.289444,uvit1
164,1h0323+342_9,51.304042,34.069372,uvit1
165,Mkn 421,166.113750,38.208889,sxt
166,NGC 1851,78.528167,-40.046556,uvit1
167,ngc2090,86.757871,-34.250610,uvit1
168,NGC 0454,18.593871,-55.398710,uvit1
169,JW108,90.199767,-39.918583,uvit1
170,1ES 1218+304,185.341421,30.176975,sxt
171,NGC3607,169.227500,18.051667,uvit1
172,GD419,25.369750,83.583028,uvit1
173,HD 31648,74.692750,29.843583,uvit1
174,RX J0537.7-7034,84.429171,-70.570830,uvit1
175,M81,148.888221,69.065290,uvit1
176,1H 0323+342,51.171250,34.179444,sxt
177,NGC 188,12.080000,85.223917,uvit1
178,Abell3530,194.268000,-30.375053,uvit1
179,Crab,83.633083,22.014500,czt1
180,NGC1356,52.669958,-50.309610,uvit1
181,NGC 0925,36.820329,33.579170,uvit1
182,AUDFLs,53.123708,-27.735364,uvit1
183,Blank Sky-8,237.391917,70.348089,laxpc1
184,1H 0323+342,51.171250,34.179444,sxt
185,SGW_d_01,211.823000,6.446000,uvit1
186,UGC 3672,106.558500,30.233444,uvit1
187,NGC 1332,51.571879,-21.335220,uvit1
188,NGC 4535,188.584621,8.197750,uvit1
189,SDSS J123351.61+195311.8,188.465050,19.886600,uvit1
190,NGC 4066,181.039125,20.347806,uvit1
191,SDSS J124815+174626,192.063458,17.774011,uvit1
192,UGC9273,217.045250,13.551580,uvit1
193,NGC5546offset,214.584258,7.592529,uvit1
194,A1367b,175.712375,20.442181,uvit2
195,PKS 1222+216,186.226250,21.382278,sxt
196,AGC 229361 (original T02),186.668708,19.754389,uvit1
197,NGC 188,12.080000,85.223917,uvit1
198,Blank Sky-8,237.391917,70.348089,laxpc1
199,1H 0323+342,51.171250,34.179444,sxt
200,AUDFLs,53.123708,-27.735364,uvit1
201,MAXI J1348-630,207.053042,-63.274111,laxpc1
202,AUDFLs,53.123708,-27.735364,uvit1
203,mrk 382,118.855400,39.186150,uvit1
204,MAXI J1348-630,207.053042,-63.274111,laxpc1
205,V1185 Tau,54.752333,29.696000,uvit1
206,NGC 4051,180.790058,44.531330,uvit1
207,SU Lyn,100.729750,55.474233,uvit1
208,NGC 5024,198.230417,18.169167,uvit2
209,SDSS J142722.83+200549.4,216.845142,20.097040,uvit1
210,KISSR692/698*,230.412500,29.125000,uvit2
211,MAXI J1348-630,207.053042,-63.274111,laxpc1
212,KISSR615,225.537500,29.746111,uvit2
213,HE 1351-1721,208.457083,-17.610556,uvit2
214,FR Cnc,128.127208,15.823942,sxt
215,OH 231.8 +4.2,115.603750,-14.591806,uvit1
216,arp82,122.811250,25.193060,uvit1
217,SDSS J142722.83+200549.4,216.845142,20.097040,uvit1
218,Vela Pulsar,128.836062,-45.176432,laxpc1
219,HCG77,237.321667,21.828333,uvit1
220,KISSR2407,219.620833,33.335278,uvit2
221,NGC 5024,198.230417,18.169167,uvit2
222,KISSR1814*,218.475000,42.653611,uvit2
223,KISSR1786,216.637500,43.854167,uvit2
224,KISSR1347*,188.933333,42.856667,uvit2
225,arp84,209.649171,37.438890,uvit1
226,M3,205.546779,28.375450,uvit1
227,SDSS J133638.35+203232.9,204.159779,20.542480,uvit1
228,HD 113679,196.470083,-38.516667,uvit2
229,NGC4841Aoffset,194.300865,28.492366,uvit1
230,NGC4214,183.913333,36.326944,uvit1
231,Blank Sky-8,237.391917,70.348089,laxpc1
232,NGC 4449,187.046258,44.093630,uvit1
233,NGC 3201,154.403417,-46.412472,uvit1
234,NGC 3201,154.403417,-46.412472,uvit1
235,Vela X1,135.528583,-40.554692,laxpc2
236,KUG1013+381,154.102150,37.912770,uvit1
237,NGC 6205,250.445208,36.543611,uvit2
238,SWIFT J1335.8-3416,203.974167,-34.295494,uvit1
239,Vela X1,135.528583,-40.554692,laxpc2
240,KUG1013+381,154.102150,37.912770,uvit1
241,NGC 6205,250.445208,36.543611,uvit2
242,Target 1,212.633917,39.819878,uvit1
243,Coma1,195.040167,27.213750,uvit1
244,GC50+48,240.181667,31.170750,uvit1
245,V834 Cen,212.280829,-45.287810,sxt
246,GRS 1915+105,288.799121,10.946020,laxpc1
247,SDSS J100933+232255,152.388083,23.382167,uvit1
248,WR 125,292.065042,19.555978,sxt
249,NGC 3631,170.261979,53.169570,uvit1
250,1ES 1741+196,265.990969,19.585838,sxt
251,AT2019ahk,105.048125,-66.040028,uvit1
252,OAO 1657-415,255.203683,-41.655961,laxpc1
253,MAXI J1659-152,254.757000,-15.257981,laxpc1
254,Swift J1749.4-2807,267.383083,-28.134944,laxpc1
255,NGC 2903,143.042121,21.500830,uvit1
256,NGC 3351,160.990421,11.703810,uvit2
257,PDS 456,262.082921,-14.265560,sxt
258,GRO J2058+42,314.698071,41.776994,laxpc2
259,PDS 456,262.082921,-14.265560,sxt
260,A05_063T03_9000002840::UGC10420,247.462667,39.766528,uvit2
261,A05_075T10_9000002842::KISSR2010,235.879167,44.052500,uvit2
262,A05_007T06_9000002844::draco_f1,252.320833,59.919167,uvit1
263,C04_001T01_9000002846::Blank Sky-8,237.391917,70.348089,laxpc1
264,A05_115T01_9000002848::Coma6,194.498792,27.995972,uvit1
265,A05_088T02_9000002850::GC50+40,249.432875,29.727694,uvit1
266,A05_107T01_9000002852::Mrk 501,253.467571,39.760169,sxt
267,T03_099T03_9000002854::AT2019ahk,105.048083,-66.040028,uvit1
268,A05_204T01_9000002856::Mrk421,166.113808,38.208830,sxt
269,A05_025T17_9000002858::NGC 6101,246.608292,-72.268861,uvit1
270,A05_104T05_9000002860::arp220,233.738558,23.503140,uvit1
271,A05_227T03_9000002862::PDS 361S,195.839542,-62.223944,uvit1
272,A05_226T06_9000002864::KUG1013+381,154.102150,37.912770,uvit1
273,C04_009T04_9000002866::NGC 188,12.080000,85.223917,uvit1
274,A05_025T17_9000002868::NGC 6101,246.608292,-72.268861,uvit1
275,A05_104T05_9000002870::arp220,233.738558,23.503140,uvit1
276,A05_227T03_9000002872::PDS 361S,195.839542,-62.223944,uvit1
277,A05_208T03_9000002874::NGC 4736,192.721500,41.120200,uvit1
278,T03_105T01_9000002876::Cyg X-3,308.107417,40.957750,sxt
279,A05_104T06_9000002878::arp244,180.472079,-18.876940,uvit1
280,T03_028T01_9000002880::2MASX J20390918-3045201,309.788250,-30.755583,uvit1
281,A06_009T02_9000002882::GX 340+0,251.448750,-45.611111,laxpc2
282,A05_226T09_9000002884::ISZ59,179.366800,-19.624060,uvit1
283,A05_212T09_9000002886::HE 2239-5019,340.611792,-50.066917,uvit2
284,A05_221T01_9000002888::GX 9+1,270.384579,-20.528890,sxt
285,A05_229T02_9000002890::4U 1728-34,262.991671,-33.835280,laxpc1
286,A05_062T01_9000002892::4U 1735-44,264.742921,-44.450000,laxpc1
287,A05_175T01_9000002894::Mkn 478,220.530833,35.439722,sxt
288,T03_112T01_9000002896::MAXI J1348-630,207.053500,-63.274611,laxpc1
289,T03_108T01_9000002898::MAXI J1820+070,275.091167,7.185639,uvit2
290,T03_056T01_9000002900::BD+17 4708,332.880729,18.092822,uvit1
291,A05_101T05_9000002902::IC 5250,341.835079,-65.058720,uvit1
292,A05_142T01_9000002904::MAXI J1820+070,275.091417,7.185300,laxpc1
293,A05_115T02_9000002906::Coma3,194.285917,28.362417,uvit1
294,T03_005T01_9000002908::AGC 229101 (originally T0,185.062500,25.500000,uvit1
295,A05_104T08_9000002910::ngc4567,189.136292,11.258000,uvit1
296,T03_037T01_9000002912::NGC 6744,287.442079,-63.857530,uvit1
297,T03_116T01_9000002916::GRS 1915+105,288.798125,10.945767,sxt
298,A05_012T01_9000002918::Mrk 705,141.513721,12.734340,uvit2
299,A05_101T03_9000002920::ESO341-IG004,310.307792,-38.193420,uvit1
300,A05_101T08_9000002922::NGC 6902A,305.749021,-44.271530,uvit1
301,A05_101T10_9000002924::VV 297,304.238750,-70.758330,uvit1
302,A06_003T02_9000002926::NGC 4395,186.453592,33.546930,uvit1
303,T03_005T01_9000002928::AGC 229101 (originally T0,185.062500,25.500000,uvit1
304,T03_037T01_9000002930::NGC 6744,287.442079,-63.857530,uvit1
305,A05_025T18_9000002932::NGC 6584,274.656667,-52.215778,uvit1
306,A05_212T08_9000002934::BD+17 4708,332.880708,18.092833,uvit2
307,A05_221T01_9000002936::GX 9+1,270.384579,-20.528890,sxt
308,A05_101T05_9000002938::IC 5250,341.835079,-65.058720,uvit1
309,A05_075T03_9000002940::KISSR1462,197.175000,44.098333,uvit2
310,A05_176T04_9000002942::NGC5473,211.180108,54.892630,uvit1
311,A05_013T01_9000002944::CenA south middle lobe,201.245833,-43.126111,uvit1
312,C04_009T05_9000002946::NGC 188,12.080000,85.223917,uvit1
313,C04_001T01_9000002948::Blank Sky-8,237.391917,70.348089,laxpc1
314,C04_001T01_9000002994::Blank Sky-8,237.391917,70.348089,laxpc1
315,A06_005T02_9000002996::NGC 5986,236.512500,-37.786417,uvit1
316,T03_123T01_9000003000::V1487 Aql,288.798121,10.945766,sxt
317,A05_117T01_9000003002::PKS 2155-304,329.716938,-30.225588,sxt
318,A05_175T01_9000003004::Mkn 478,220.530833,35.439722,sxt
319,A06_009T02_9000003006::GX 340+0,251.448750,-45.611111,laxpc2
320,A05_174T01_9000003008::1H 2354-315,359.782958,-30.627969,sxt
321,A05_163T01_9000003010::1ES 1741+196,265.990969,19.585838,sxt
322,A05_205T01_9000003012::OAO 1657-415,255.203683,-41.655961,laxpc1
323,A05_198T01_9000003014::MCG-2-58-22,346.181158,-8.685730,sxt
324,A05_140T01_9000003016::Vela X-1,135.528583,-40.554694,laxpc1
325,A05_188T01_9000003018::Vela Pulsar,128.836062,-45.176432,laxpc1
326,C04_009T06_9000003020::NGC 188,12.080000,85.223917,uvit1
327,A05_160T02_9000003022::PKS 1222+216,186.226250,21.382278,sxt
328,A05_198T01_9000003024::MCG-2-58-22,346.181158,-8.685730,sxt
329,A05_208T03_9000003026::NGC 4736,192.721500,41.120200,uvit1
330,A05_176T03_9000003028::NGC4841Aoffset,194.300865,28.492366,uvit1
331,A05_115T01_9000003030::Coma6,194.498792,27.995972,uvit1
332,A05_115T03_9000003032::Coma1,195.040167,27.213750,uvit1
333,A05_176T04_9000003034::NGC5473,211.180108,54.892630,uvit1
334,A05_022T08_9000003036::NGC 5068,199.728371,-21.039110,uvit2
335,A05_069T02_9000003038::NGC 6960-IV,312.258667,30.404972,uvit1
336,A05_072T04_9000003040::NGC 6205,250.445208,36.543611,uvit2
337,A05_088T03_9000003042::GC50+48,240.181667,31.170750,uvit1
338,A06_009T02_9000003044::GX 340+0,251.448750,-45.611111,laxpc2
339,A06_003T04_9000003046::NGC 0925,36.820329,33.579170,uvit1
340,A06_005T02_9000003048::NGC 5986,236.512500,-37.786417,uvit1
341,A05_007T06_9000003050::draco_f1,252.320833,59.919167,uvit1
342,A05_103T05_9000003052::PN Mz 3,244.289708,-51.882556,uvit1
343,A05_082T09_9000003054::SDSS J125741.05+202347.8,194.421042,20.396610,uvit1
344,A05_103T06_9000003056::NGC 6302,258.385917,-37.023333,uvit1
345,A05_022T09_9000003058::NGC 6744,287.442079,-63.857530,uvit2
346,A05_229T02_9000003060::4U 1728-34,262.991671,-33.835280,laxpc1
347,A05_165T07_9000003062::SWIFT J1335.8-3416,203.974167,-34.295494,uvit1
348,A06_002T02_9000003064::Cyg X-2,326.171475,38.321407,laxpc2
349,A05_063T03_9000003066::UGC10420,247.462667,39.766528,uvit2
350,A05_101T10_9000003068::VV 297,304.238750,-70.758330,uvit1
351,A05_013T01_9000003070::CenA south middle lobe,201.245833,-43.126111,uvit1
352,C04_001T01_9000003074::Blank Sky-8,237.391917,70.348089,laxpc1
353,A06_009T02_9000003076::GX 340+0,251.448750,-45.611111,laxpc2
354,A05_160T01_9000003078::CTA 102,338.139167,11.720278,sxt
355,A06_002T03_9000003080::4U 1702-429,256.563808,-43.035747,laxpc2
356,C04_001T01_9000003082::Blank Sky-8,237.391917,70.348089,laxpc1
357,A05_025T17_9000003084::NGC 6101,246.608292,-72.268861,uvit1
358,A05_227T03_9000003086::PDS 361S,195.839542,-62.223944,uvit1
359,A05_088T05_9000003088::GC50+69,216.000333,31.568361,uvit1
360,T03_131T01_9000003090::SAX J1808-3658,272.114750,-36.978972,laxpc2
361,T03_133T01_9000003092::Unknown,288.717000,17.367000,laxpc2
362,A05_072T04_9000003094::NGC 6205,250.445208,36.543611,uvit2
363,A05_025T18_9000003096::NGC 6584,274.656667,-52.215778,uvit1
364,A06_009T03_9000003098::GX 5-1,270.290542,-25.078925,laxpc2
365,A05_225T02_9000003100::NGC 1961,85.127083,69.378444,uvit1
366,A05_101T08_9000003102::NGC 6902A,305.749021,-44.271530,uvit1
367,A05_075T06_9000003104::KISSR1786,216.637500,43.854167,uvit2
368,A05_088T02_9000003106::GC50+40,249.432875,29.727694,uvit1
369,A05_104T04_9000003108::arp86,356.757079,29.471110,uvit1
370,A05_025T04_9000003110::NGC 1851,78.528167,-40.046556,uvit1
371,A05_101T03_9000003112::ESO341-IG004,310.307792,-38.193420,uvit1
372,A05_155T04_9000003114::ngc5727,220.108829,33.989110,uvit1
373,A05_075T05_9000003116::KISSR1814*,218.475000,42.653611,uvit2
374,A05_163T01_9000003118::1ES 1741+196,265.990969,19.585838,sxt
375,A05_104T05_9000003120::arp220,233.738558,23.503140,uvit1
376,A06_009T03_9000003122::GX 5-1,270.290542,-25.078925,laxpc2
377,T03_136T01_9000003124::SAX J1808.4-3658,272.114750,-36.978972,laxpc2
378,C04_001T01_9000003126::Blank Sky-8,237.391917,70.348089,laxpc1
379,A06_009T03_9000003128::GX 5-1,270.290542,-25.078925,laxpc2
380,A06_009T02_9000003130::GX 340+0,251.448750,-45.611111,laxpc2
381,A05_062T01_9000003132::4U 1735-44,264.742921,-44.450000,laxpc1
382,A06_002T01_9000003134::4U 1728-34,262.990542,-33.834028,laxpc2
383,A06_005T05_9000003136::NGC 6723,284.888125,-36.631417,uvit1
384,A05_062T02_9000003138::GX 17+2,274.005787,-14.036283,laxpc1
385,A05_037T01_9000003140::NGC 6814,295.669067,-10.323750,sxt
386,T03_140T01_9000003142::V3890 Sgr,277.680367,-24.019153,sxt
387,A05_037T01_9000003144::NGC 6814,295.669067,-10.323750,sxt
388,A05_108T01_9000003146::Abell4059,359.253083,-34.680539,uvit1
389,A05_226T05_9000003148::UGCA130,100.564721,75.625730,uvit1
390,A05_041T01_9000003150::AGC 102983,8.406667,28.739167,uvit1
391,A06_009T02_9000003152::GX 340+0,251.448750,-45.611111,laxpc2
392,A06_009T05_9000003154::GX 349+2,256.435375,-36.423069,laxpc2
393,C04_001T01_9000003156::Blank Sky-8,237.391917,70.348089,laxpc1
394,C04_010T01_9000003158::HZ4,58.841625,9.788333,uvit1
395,T03_140T01_9000003160::V3890 Sgr,277.680367,-24.019153,sxt
396,A06_005T09_9000003168::NGC 7099,325.092167,-23.179861,uvit1
397,A06_009T02_9000003170::GX 340+0,251.448750,-45.611111,laxpc2
398,T03_138T02_9000003172::Akn564_2,340.537375,29.615300,uvit1
399,T03_141T01_9000003174::RXJ1856.6-3754,284.146292,-37.908472,sxt
400,A05_144T02_9000003176::SU Lyn,100.729750,55.474233,uvit1
401,T03_138T03_9000003178::Akn564_3,340.790583,29.725300,uvit1
402,T03_138T04_9000003180::Akn564_4,340.537250,29.725300,uvit1
403,T03_138T05_9000003182::Akn564_5,340.790708,29.835300,uvit1
404,T03_138T06_9000003184::Akn564_6,340.537083,29.835300,uvit1
405,T03_138T07_9000003186::Akn564_7,340.663917,29.615361,uvit1
406,T03_138T08_9000003188::Akn564_8,340.663917,29.835361,uvit1
407,T03_138T09_9000003190::Akn564_9,340.790417,29.615300,uvit1
408,A05_166T01_9000003192::GX339-4,255.705667,-48.789667,laxpc1
409,A06_009T02_9000003194::GX 340+0,251.448750,-45.611111,laxpc2
410,A06_009T05_9000003196::GX 349+2,256.435375,-36.423069,laxpc2
411,A06_009T03_9000003198::GX 5-1,270.290542,-25.078925,laxpc2
412,A05_155T02_9000003200::NGC2090,86.757871,-34.250610,uvit3
413,A05_182T02_9000003202::NGC 654(2),26.012292,61.888972,uvit1
414,A05_094T01_9000003204::mrk 382,118.855400,39.186150,uvit1
415,A06_002T02_9000003206::Cyg X-2,326.171475,38.321407,laxpc2
416,T03_143T01_9000003208::XTE J1739-285,264.974792,-28.496333,laxpc2
417,A07_006T04_9000003210::IGR J00291+5934,7.262750,59.571944,laxpc1
418,A07_039T02_9000003212::MBfield3,31.792958,-74.117500,uvit1
419,A07_039T03_9000003214::MBfield4,30.309042,-74.164333,uvit1
420,A07_039T01_9000003216::MBfield2,33.286375,-74.170172,uvit1
421,A07_059T01_9000003218::NGC 650,25.582042,51.575472,uvit1
422,A07_010T04_9000003220::IC 2038,62.223958,-55.989560,uvit1
423,A07_027T16_9000003222::NGC7496,347.447000,-43.427900,uvit1
424,A07_005T01_9000003224::NGC 2506,120.004167,-10.770000,uvit1
425,A07_004T01_9000003230::SAX J1808.4-3658,272.114750,-36.978972,sxt
426,A07_118T01_9000003232::NGC6822,296.254167,-14.815278,uvit1
427,A07_041T01_9000003234::PKS 2005-489,302.355792,-48.831583,sxt
428,A07_010T05_9000003236::NGC1533,62.466000,-56.118440,uvit1
429,A07_010T06_9000003238::NGC 1536,62.749421,-56.480440,uvit1
430,A07_010T11_9000003240::NGC 1546,63.652250,-56.060806,uvit1
431,A07_100T03_9000003242::Mrk 3,93.901250,71.037500,sxt
432,A07_007T02_9000003244::M31 Field No. 8,11.363333,41.883025,uvit1
433,A07_130T01_9000003246::M31-I,9.260667,39.972361,uvit1
434,A07_094T01_9000003248::EQ Peg,352.967412,19.937264,sxt
435,A07_153T02_9000003250::ESO,67.000000,-47.912750,sxt
436,A07_059T05_9000003252::PN Hu1-2,323.284612,39.635978,uvit1
437,A07_091T07_9000003254::SDSSJ074820+471214,117.086125,47.203953,uvit1
438,A07_134T01_9000003256::NGC 7293,337.759125,-20.797992,uvit1
439,A07_027T02_9000003258::IC5332,353.614500,-36.101100,uvit1
440,A07_047T09_9000003260::SMC_Shell_9,19.255417,-71.733639,uvit1
441,A07_047T08_9000003262::SMC_Shell_8,18.796250,-71.365500,uvit1
442,A07_167T01_9000003264::N49 N49B,81.707967,-66.095275,uvit1
443,A07_149T01_9000003266::NGC 1313,49.566667,-66.498333,uvit1
444,T03_146T01_9000003272::IGR J19294+1816,292.482931,18.310618,laxpc1
445,A07_007T05_9000003274::M31 Field No. 2,11.037000,41.557347,uvit1
446,A07_007T04_9000003276::M31 Field No. 1,10.710708,41.250228,uvit1
447,T03_145T01_9000003278::IRAS 23226-3843,351.350779,-38.446997,sxt
448,A07_007T03_9000003280::M31 Field No. 9,11.719583,42.203444,uvit1
449,A07_134T02_9000003282::PN A66 21,112.261250,13.246778,uvit1
450,A07_065T01_9000003284::UGC 5272,147.593333,31.487778,uvit1
451,A07_054T01_9000003286::Holmber II X-1,124.870750,70.705360,uvit1
452,A07_018T02_9000003288::Cygnus S-III,312.122167,29.723278,uvit1
453,T03_147T01_9000003290::MAXI J0637-430,99.098292,-42.867806,laxpc2
454,A07_018T02_9000003292::Cygnus S-III,312.122167,29.723278,uvit1
455,A07_018T07_9000003294::Cygnus S-VIII,313.131833,29.681722,uvit1
456,A07_018T08_9000003296::Cygnus S-IX,312.583250,29.697583,uvit1
457,A07_049T01_9000003298::NGC7217,331.968305,31.359346,uvit1
458,A07_047T09_9000003300::SMC_Shell_9,19.255417,-71.733639,uvit1
459,A07_047T08_9000003302::SMC_Shell_8,18.796250,-71.365500,uvit1
460,A07_149T01_9000003304::NGC 1313,49.566667,-66.498333,uvit1
461,T03_147T01_9000003306::MAXI J0637-430,99.098292,-42.867806,laxpc2
462,T03_156T01_9000003312::M31N 2008-12a,11.370000,41.902806,uvit1
463,T03_149T01_9000003314::MAXIJ0637-430_1,99.098292,-42.867806,uvit1
464,T03_149T02_9000003316::MAXIJ0637-430_2,98.947958,-42.977708,uvit1
465,T03_149T03_9000003318::MAXIJ0637-430_3,99.248375,-42.867708,uvit1
466,A07_007T03_9000003320::M31 Field No. 9,11.719583,42.203444,uvit1
467,T03_149T04_9000003322::MAXIJ0637-430_4,98.948208,-42.867708,uvit1
468,T03_149T05_9000003324::MAXIJ0637-430_5,99.248125,-42.757708,uvit1
469,T03_149T06_9000003326::MAXIJ0637-430_6,98.948458,-42.757708,uvit1
470,T03_159T01_9000003328::MAXI J0637-430,99.098292,-42.867806,sxt
471,A07_056T01_9000003330::Blank Sky-8,237.391917,70.348089,laxpc2
472,T03_149T07_9000003332::MAXIJ0637-430_7,99.098292,-42.977806,uvit1
473,T03_149T08_9000003334::MAXIJ0637-430_8,99.098292,-42.757806,uvit1
474,T03_149T09_9000003336::MAXIJ0637-430_9,99.248625,-42.977708,uvit1
475,A07_065T01_9000003338::UGC 5272,147.593333,31.487778,uvit1
476,A07_144T02_9000003340::Blank Sky,183.479583,22.800000,czt1
477,A08_003T01_9000003342::VCC801,186.356325,16.470006,uvit1
478,A07_049T01_9000003344::NGC7217,331.968305,31.359346,uvit1
479,A07_148T05_9000003346::ngc 3758,174.121250,21.596390,uvit1
480,A07_054T01_9000003348::Holmber II X-1,124.870750,70.705360,uvit1
481,C05_013T01_9000003350::NGC 188,12.080000,85.223917,uvit1
482,C05_002T01_9000003352::XRBBlankF1T1,203.654167,37.912222,sxt
483,C05_001T01_9000003354::1E0102-72.3,16.005000,-72.031200,sxt
484,C05_006T01_9000003356::SSM1CrabDec2019,311.799708,22.026000,ssm
485,A07_049T01_9000003358::NGC7217,331.968305,31.359346,uvit1
486,A07_112T01_9000003360::NGC4136,182.323750,29.927500,uvit1
487,A08_007T01_9000003362::eta carina,161.264733,-59.684459,sxt
488,C05_013T02_9000003364::NGC 188,12.080000,85.223917,uvit1
489,C05_001T01_9000003366::1E0102-72.3,16.005000,-72.031200,sxt
490,T03_168T01_9000003368::RX J0209.6-7427,32.393904,-74.453283,sxt
491,A07_054T01_9000003370::Holmber II X-1,124.870750,70.705360,uvit1
492,C05_012T02_9000003372::Blank Sky-8,237.391917,70.348089,laxpc2
493,C05_001T01_9000003374::1E0102-72.3,16.005000,-72.031200,sxt
494,C05_013T03_9000003376::NGC 188,12.080000,85.223917,uvit1
495,A07_054T01_9000003378::Holmber II X-1,124.870750,70.705360,uvit1
496,A07_049T01_9000003380::NGC7217,331.968305,31.359346,uvit1
497,A08_009T01_9000003382::GOODS-North,189.212500,62.294075,uvit1
498,A07_047T08_9000003384::SMC_Shell_8,18.796250,-71.365500,uvit1
499,A07_047T09_9000003386::SMC_Shell_9,19.255417,-71.733639,uvit1
500,T03_170T01_9000003388::PKS 0208-512,32.692502,-51.017192,uvit1
501,A08_009T01_9000003390::GOODS-North,189.212500,62.294075,uvit1
502,A07_062T01_9000003392::NGC 752,29.420833,37.785000,uvit1
503,A07_091T04_9000003394::SDSSJ130819+434525,197.079667,43.757111,uvit1
504,A07_047T09_9000003396::SMC_Shell_9,19.255417,-71.733639,uvit1
505,C05_013T01_9000003398::NGC 188,12.080000,85.223917,uvit1
506,A08_004T03_9000003400::RX J0019.8+2156,4.958022,21.947824,sxt
507,A07_054T01_9000003406::Holmber II X-1,124.870750,70.705360,uvit1
508,A07_049T01_9000003408::NGC7217,331.968305,31.359346,uvit1
509,A07_138T05_9000003410::J142457.53+241517.82,216.239708,24.254950,uvit1
510,A07_138T03_9000003412::J120923.63+620955.96,182.348458,62.165544,uvit1
511,A08_008T01_9000003414::LMC X-1,84.911788,-69.743204,sxt
512,T03_173T01_9000003416::S5 1044+71,162.115083,71.726639,sxt
513,C05_002T03_9000003418::XRBBlankF1T3,203.654167,37.912222,sxt
514,T03_175T01_9000003420::OQ 334,215.626583,32.386200,sxt
515,A08_009T01_9000003422::GOODS-North,189.212500,62.294075,uvit1
516,A07_148T05_9000003424::ngc 3758,174.121250,21.596390,uvit1
517,A08_003T05_9000003426::VCC596,185.728883,15.822304,uvit1
518,T03_175T01_9000003428::OQ 334,215.626583,32.386200,sxt
519,A08_008T02_9000003430::LMC X-3,84.734579,-64.084168,sxt
520,C05_002T02_9000003432::XRBBlankF1T2,203.654167,37.912222,sxt
521,A08_009T01_9000003434::GOODS-North,189.212500,62.294075,uvit1
522,A08_004T02_9000003436::RX J0439.8-6809,69.956833,-68.150389,sxt
523,A08_004T03_9000003438::RX J0019.8+2156,4.958022,21.947824,sxt
524,C05_005T01_9000003440::XMMBLANKF3,163.183333,57.483056,sxt
525,C05_012T03_9000003442::Blank Sky-8,237.391917,70.348089,laxpc2
526,C05_002T03_9000003448::XRBBlankF1T3,203.654167,37.912222,sxt
527,A07_135T02_9000003450::dg_02,245.731375,15.769710,uvit1
528,A07_135T01_9000003452::dg_01,162.418733,9.006449,uvit1
529,C05_002T04_9000003454::XRBBlankF1T4,203.654167,37.912222,sxt
530,A07_138T06_9000003456::J143031.19+524225.84,217.629958,52.707178,uvit1
531,A07_138T09_9000003458::J164754.90+443345.05,251.978750,44.562514,uvit1
532,A07_127T02_9000003460::NGC 160,9.016667,23.957778,uvit1
533,A07_138T04_9000003462::J132704.36+481936.32,201.768167,48.326756,uvit1
534,A07_138T02_9000003464::J110704.17+454919.62,166.767375,45.822117,uvit1
535,A07_138T01_9000003466::J110233.35+224513.71,165.638958,22.753811,uvit1
536,A07_127T01_9000003468::NGC 4698,192.095417,8.487500,uvit1
537,A07_100T02_9000003470::Circinus Galaxy,213.291250,-65.339167,sxt
538,C05_002T05_9000003472::XRBBlankF1T5,203.654167,37.912222,sxt
539,A07_148T02_9000003474::ESO 509-IG 066 NED 02,203.669875,-23.445889,uvit1
540,A07_100T02_9000003476::Circinus Galaxy,213.291250,-65.339167,sxt
541,A07_112T01_9000003478::NGC4136,182.323750,29.927500,uvit1
542,A07_112T02_9000003480::UGC7608,187.184167,43.224167,uvit1
543,A07_011T01_9000003482::EGS,217.266667,52.870000,uvit1
544,A07_024T04_9000003484::NGC 4651,190.927625,16.393389,uvit1
545,A07_054T01_9000003486::Holmber II X-1,124.870750,70.705360,uvit1
546,T03_178T01_9000003488::Swift J0840.7-3516,130.170042,-35.273667,laxpc2
547,A07_091T04_9000003492::SDSSJ130819+434525,197.079667,43.757111,uvit1
548,A07_160T07_9000003494::Mrk766,184.610500,29.812917,uvit1
549,A08_004T02_9000003496::RX J0439.8-6809,69.956833,-68.150389,sxt
550,A07_046T01_9000003498::NGC5053,199.112875,17.700250,uvit1
551,C05_012T03_9000003500::Blank Sky-8,237.391917,70.348089,laxpc2
552,C05_013T02_9000003502::NGC 188,12.080000,85.223917,uvit1
553,A07_054T01_9000003504::Holmber II X-1,124.870750,70.705360,uvit1
554,A07_027T05_9000003506::NGC1300,49.921000,-19.411200,uvit1
555,A07_027T06_9000003508::NGC1385,54.368000,-24.501300,uvit1
556,A07_027T14_9000003510::NGC4826,194.182083,21.682700,uvit1
557,A07_027T09_9000003512::NGC1792,76.310208,-37.980800,uvit1
558,A07_027T08_9000003514::NGC1559,64.399000,-62.783700,uvit1
559,A08_009T01_9000003516::GOODS-North,189.212500,62.294075,uvit1
560,C05_007T01_9000003518::SSM1CrabMar2020,214.773292,-14.012900,ssm
561,A07_091T10_9000003520::SDSSJ133737+202351,204.404708,20.397694,uvit1
562,C05_002T06_9000003522::XRBBlankF1T6,203.654167,37.912222,sxt
563,T03_180T01_9000003524::XTE J1739-285,264.974792,-28.496333,laxpc2
564,A07_113T01_9000003526::Her X-1,254.457542,35.342333,uvit1
565,A07_027T03_9000003528::IC1954,52.880792,-51.904900,uvit1
566,A07_001T06_9000003530::LMCSouth_6,73.920833,-71.413333,uvit1
567,A07_091T10_9000003532::SDSSJ133737+202351,204.404708,20.397694,uvit1
568,A07_149T01_9000003534::NGC 1313,49.566667,-66.498333,uvit1
569,C05_002T07_9000003536::XRBBlankF1T7,203.654167,37.912222,sxt
570,A07_001T01_9000003538::LMCSouth_1,77.188208,-71.186444,uvit1
571,A07_142T01_9000003540::G351.7-1.2,262.300000,-36.686667,sxt
572,A07_001T02_9000003546::LMCSouth_2,77.281333,-71.503917,uvit1
573,A07_001T03_9000003548::LMCSouth_3,76.061792,-71.756639,uvit1
574,A07_001T05_9000003550::LMCSouth_5,78.333875,-72.078000,uvit1
575,A07_001T04_9000003552::LMCSouth_4,77.119083,-71.897972,uvit1
576,A07_065T01_9000003554::UGC 5272,147.593333,31.487778,uvit1
577,C05_002T08_9000003556::XRBBlankF1T8,203.654167,37.912222,sxt
578,A07_165T01_9000003558::Sunburst Arc,236.720000,-78.214194,uvit1
579,T03_182T01_9000003560::MAXI J1810-222,272.500000,-22.200000,laxpc2
580,A07_027T15_9000003562::NGC5248,204.383583,8.885100,uvit1
581,C05_012T04_9000003564::Blank Sky-8,237.391917,70.348089,laxpc2
582,C05_002T09_9000003566::XRBBlankF1T9,203.654167,37.912222,sxt
583,A07_134T02_9000003568::PN A66 21,112.261250,13.246778,uvit1
584,A07_069T01_9000003570::M67,132.825000,11.800000,uvit1
585,A07_047T01_9000003572::SMC_Shell_1,14.553333,-70.763278,uvit1
586,A07_047T02_9000003574::SMC_Shell_2,14.948333,-71.120556,uvit1
587,A07_047T06_9000003576::SMC_Shell_6,17.870417,-70.667889,uvit1
588,A07_067T01_9000003578::Mrk 493,239.790083,35.029878,sxt
589,A07_160T05_9000003580::Mrk110,141.303542,52.286222,uvit1
590,A07_010T12_9000003582::NGC 1596,66.908792,-55.027806,uvit1
591,A07_091T05_9000003584::SDSSJ110840+340552,167.167167,34.097842,uvit1
592,A07_118T01_9000003586::NGC6822,296.254167,-14.815278,uvit1
593,C05_007T01_9000003588::SSM1CrabMar2020,214.773292,-14.012900,ssm
594,A07_047T08_9000003590::SMC_Shell_8,18.796250,-71.365500,uvit1
595,A07_027T10_9000003592::NGC2775,137.583792,7.037900,uvit1
596,A07_145T01_9000003594::Mrk 501,253.467571,39.760169,sxt
597,A08_008T01_9000003596::LMC X-1,84.911788,-69.743204,sxt
598,A07_001T01_9000003598::LMCSouth_1,77.188208,-71.186444,uvit1
599,A07_001T02_9000003600::LMCSouth_2,77.281333,-71.503917,uvit1
600,A07_001T03_9000003602::LMCSouth_3,76.061792,-71.756639,uvit1
601,A07_054T01_9000003604::Holmber II X-1,124.870750,70.705360,uvit1
602,T03_183T01_9000003606::HD 110432,190.709442,-63.058624,sxt
603,T03_187T01_9000003608::SMC X-2,13.639292,-73.683694,laxpc2
604,T03_188T01_9000003612::4U 1630-472,248.554583,-47.090306,laxpc2
605,T03_189T01_9000003614::3C 285,200.324221,42.587606,uvit1
606,C05_012T06_9000003616::Blank Sky-8,237.391917,70.348089,laxpc2
607,T03_191T01_9000003618::LMC X-2,80.116833,-71.964806,sxt
608,T03_194T01_9000003620::TON 0599,179.882500,29.245556,sxt
609,A07_018T08_9000003622::Cygnus S-IX,312.583250,29.697583,uvit1
610,A07_147T01_9000003624::3C 275.1,190.990000,16.381667,uvit1
611,T03_197T01_9000003626::Hercules X-1,254.457542,35.342333,uvit1
612,A07_045T01_9000003628::NGC 4438,186.939974,13.008826,uvit1
613,A08_003T02_9000003630::VCC1499,188.332383,12.853547,uvit1
614,A08_003T03_9000003632::VCC1003,186.860433,11.107662,uvit1
615,A08_003T04_9000003634::VCC307,184.706771,14.416489,uvit1
616,A08_003T06_9000003636::VCC1690,189.207567,13.162869,uvit1
617,A08_003T08_9000003638::VCC1987,190.895833,13.126350,uvit1
618,A07_027T02_9000003640::IC5332,353.614500,-36.101100,uvit1
619,T03_205T01_9000003652::SMC X-2,13.639292,-73.683694,sxt
620,T03_200T01_9000003654::NGC 3516,166.697917,72.568611,sxt
621,A08_003T17_9000003656::VCC1326,187.737967,11.483531,uvit1
622,A08_003T18_9000003658::VCC1878,190.355879,13.729414,uvit1
623,C05_013T04_9000003660::NGC 188,12.080000,85.223917,uvit1
624,A07_127T03_9000003662::NGC 7371,341.515417,-11.001111,uvit1
625,A07_027T12_9000003664::NGC4654,190.986000,13.126400,uvit1
626,A07_027T16_9000003666::NGC7496,347.447000,-43.427900,uvit1
627,A07_027T11_9000003668::NGC4569,189.207583,13.162900,uvit1
628,A07_134T03_9000003670::PN A66 70,307.888333,-7.088333,uvit1
629,T03_206T01_9000003672::OJ 287,133.703625,20.108511,sxt
630,C05_012T06_9000003674::Blank Sky-8,237.391917,70.348089,laxpc2
631,A08_003T16_9000003676::VCC1450,188.173933,14.051614,uvit1
632,A07_091T03_9000003678::6dFGSgJ214256-300758,325.733250,-30.132753,uvit1
633,A07_018T07_9000003680::Cygnus S-VIII,313.131833,29.681722,uvit1
634,A07_018T09_9000003682::NGC6960-VIII,311.704458,31.477833,uvit1
635,A07_018T02_9000003684::Cygnus S-III,312.122167,29.723278,uvit1
636,A07_171T02_9000003686::DY Cen,201.392000,-54.245314,uvit1
637,A07_097T01_9000003692::NGC7469,345.815308,8.873689,sxt
638,A09_027T01_9000003694::NGC3077,150.751458,68.824064,uvit1
639,A09_027T02_9000003696::SES,149.975792,68.638019,uvit1
640,C05_002T10_9000003698::XRBBlankF1T10,203.654167,37.912222,sxt
641,A09_006T01_9000003700::PN G326.7+42.2,211.108021,-17.227931,uvit1
642,A09_022T01_9000003702::EK Draconis,219.750875,64.291661,sxt
643,A07_059T07_9000003704::IC 4997,305.036500,16.731664,uvit1
644,A09_059T01_9000003706::EGS,214.766667,52.870000,uvit1
645,A09_061T02_9000003708::PN MyCn18,204.896083,-67.381044,uvit1
646,A09_104T01_9000003710::PSR J2021+4026,305.378054,40.446122,laxpc2
647,A09_057T04_9000003712::NGC 7531,348.702083,-43.599944,uvit1
648,A09_047T01_9000003714::NGC 2818,139.006208,-36.627056,uvit1
649,A09_085T02_9000003716::NGC 2627,129.312500,-29.955000,uvit1
650,C05_012T07_9000003718::Blank Sky-8,237.391917,70.348089,laxpc2
651,A07_147T01_9000003722::3C 275.1,190.990000,16.381667,uvit1
652,A09_008T05_9000003724::Mrk 841,226.005004,10.437820,uvit1
653,A09_043T02_9000003726::NGC 3351,160.990417,11.703806,uvit1
654,A07_148T02_9000003728::ESO 509-IG 066 NED 02,203.669875,-23.445889,uvit1
655,A09_081T01_9000003730::3C 285,200.324221,42.587606,uvit1
656,A07_127T03_9000003732::NGC 7371,341.515417,-11.001111,uvit1
657,A09_013T02_9000003734::P_02,241.887500,54.641944,uvit1
658,A09_006T05_9000003736::PN G291.4+19.2,178.253667,-42.234389,uvit1
659,A09_006T04_9000003738::PN G270.1+24.8,158.742542,-29.094472,uvit1
660,A09_016T03_9000003740::J1356+1026,209.223417,10.525225,uvit1
661,A09_016T04_9000003742::J1430+1339,217.625000,13.653333,uvit1
662,A09_043T01_9000003744::NGC 5236,204.253750,-29.865417,uvit1
663,A09_008T03_9000003746::ESO 511-G030,214.843417,-26.644722,uvit1
664,A09_008T06_9000003748::Mrk 352,14.972000,31.826909,uvit1
665,A09_033T01_9000003750::PGC065981,315.757692,-14.260025,uvit1
666,A07_027T11_9000003752::NGC4569,189.207583,13.162900,uvit1
667,A09_147T01_9000003754::1ES 2322-409,351.200000,-40.660000,sxt
668,A07_068T01_9000003756::meg-6-30-15,203.975000,-34.295556,sxt
669,T03_214T01_9000003758::4U 1608-52,243.179167,-52.423056,sxt
670,A07_068T01_9000003760::meg-6-30-15,203.975000,-34.295556,sxt
671,A09_033T02_9000003762::NGC262,12.196421,31.956968,uvit1
672,A09_085T03_9000003764::Stock 2,33.679208,59.485000,uvit1
673,A09_142T01_9000003766::MRK799,210.190917,59.328700,uvit1
674,A09_113T01_9000003768::4U 1630-472,248.699583,-47.300000,laxpc2
675,T03_218T01_9000003770::C/2017 K2,259.358333,51.216111,uvit1
676,A09_126T01_9000003772::IGR J17091-3624,257.636042,-36.017147,laxpc2
677,A09_018T01_9000003774::GX 9+9,262.934042,-16.961361,laxpc2
678,A09_012T01_9000003778::MB_tile_1,37.158750,-73.874139,uvit1
679,A09_012T02_9000003780::MB_tile_2,33.262500,-74.081028,uvit1
680,A09_012T03_9000003782::MB_tile_3,29.504167,-74.237472,uvit1
681,A09_012T04_9000003784::MB_tile_4,27.872083,-74.240472,uvit1
682,C05_007T01_9000003786::SSM1CrabMar2020,214.773292,-14.012900,ssm
683,C05_019T04_9000003788::Blank Sky-8,237.391917,70.348089,laxpc2
684,A09_079T03_9000003790::GK Per,52.800000,43.904278,sxt
685,A09_044T01_9000003792::4U 1705-44,257.226958,-44.102042,laxpc2
686,A09_143T03_9000003794::T03,45.414917,-8.112556,uvit1
687,A09_008T02_9000003796::1H 0419-577,66.503017,-57.200270,uvit1
688,A09_038T02_9000003798::SMC-02,10.470600,-73.382918,uvit1
689,A09_038T03_9000003800::SMC-03,10.841592,-73.030698,uvit1
690,A09_038T04_9000003802::SMC-04,11.488700,-72.731306,uvit1
691,A09_143T05_9000003804::T05,238.818375,35.723514,uvit1
692,A09_143T08_9000003806::T08,244.177667,20.955586,uvit1
693,A09_088T01_9000003808::NGC 1261,48.067542,-55.216222,uvit1
694,A09_044T02_9000003814::GX 17+2,274.005787,-14.036283,laxpc2
695,A09_127T01_9000003816::Fil_01,217.150500,46.120000,uvit1
696,A09_127T02_9000003818::Fil_02,216.600000,46.800000,uvit1
697,A09_127T03_9000003820::Fil_03,215.850000,46.100000,uvit1
698,A09_056T01_9000003824::3C 380,277.382421,48.746155,uvit1
699,A09_104T02_9000003826::PSR J1813-1246,273.349021,-12.766953,laxpc2
700,A07_146T01_9000003828::1ES 0347-121,57.346583,-11.990833,uvit1
701,A09_038T05_9000003830::SMC-05,12.114308,-72.429906,uvit1
702,A09_038T06_9000003832::SMC-06,12.719367,-72.126596,uvit1
703,A09_120T02_9000003834::Crab,83.633083,22.014500,laxpc1
704,C05_017T01_9000003836::Crab,83.633083,22.014500,czt1
705,C05_019T04_9000003838::Blank Sky-8,237.391917,70.348089,laxpc2
706,A09_095T02_9000003840::LMC X-2,80.116833,-71.964806,sxt
707,T03_220T01_9000003842::AT2019wey,68.847000,55.376000,laxpc2
708,A09_038T10_9000003844::SMC-10,12.077850,-73.040920,uvit1
709,A09_095T02_9000003846::LMC X-2,80.116833,-71.964806,sxt
710,A09_145T01_9000003848::Crab,83.633083,22.014500,czt1
711,T03_223T01_9000003850::1H 0323+34203,51.171250,34.179444,sxt
712,A09_044T02_9000003852::GX 17+2,274.005787,-14.036283,laxpc2
713,A09_145T01_9000003854::Crab,83.633083,22.014500,czt1
714,A09_038T08_9000003856::SMC-08,10.757621,-73.641332,uvit1
715,A09_038T07_9000003858::SMC-07,13.304800,-71.821469,uvit1
716,A09_038T09_9000003860::SMC-09,11.429308,-73.342168,uvit1
717,A07_027T01_9000003862::NGC0685,26.928500,-52.761900,uvit1
718,A09_079T01_9000003864::CAL83,85.889583,-68.373056,sxt
719,A09_145T01_9000003866::Crab,83.633083,22.014500,czt1
720,T03_224T01_9000003868::RX J1856.6-3754,284.146292,-37.908472,sxt
721,A09_145T01_9000003870::Crab,83.633083,22.014500,czt1
722,T03_224T01_9000003872::RX J1856.6-3754,284.146292,-37.908472,sxt
723,T03_230T01_9000003874::FRB190711,329.419500,-80.358000,uvit1
724,A09_038T10_9000003876::SMC-10,12.077850,-73.040920,uvit1
725,A09_038T11_9000003878::SMC-11,12.704317,-72.737694,uvit1
726,A09_038T12_9000003880::SMC-12,13.309729,-72.432590,uvit1
727,A09_038T21_9000003882::SMC-21,15.070171,-72.117741,uvit1
728,A09_038T17_9000003884::SMC-17,12.688158,-73.348788,uvit1
729,T03_232T01_9000003886::FRB190711,329.419500,-80.358000,uvit1
730,A09_044T01_9000003888::4U 1705-44,257.226958,-44.102042,laxpc2
731,A09_038T18_9000003890::SMC-18,13.315017,-73.043700,uvit1
732,A09_038T19_9000003892::SMC-19,13.920304,-72.736767,uvit1
733,T03_233T01_9000003894::FRB190711,329.419500,-80.358000,uvit1
734,A09_134T01_9000003896::GX 340+0,251.448750,-45.611111,laxpc2
735,C05_019T03_9000003898::Blank Sky-8,237.391917,70.348089,laxpc2
736,A09_145T01_9000003900::Crab,83.633083,22.014500,czt1
737,T03_241T01_9000003902::NGC 188,12.080000,85.223917,uvit1
738,A09_120T02_9000003904::Crab,83.633083,22.014500,laxpc1
739,T03_240T01_9000003906::NGC 188,12.080000,85.223917,uvit1
740,T03_236T01_9000003908::1H 0323+34203,51.171250,34.179444,sxt
741,T03_231T01_9000003910::GRS 1915+105,288.798125,10.945767,laxpc2
742,T03_244T01_9000003912::EXO 2030+375,308.063642,37.637456,sxt
743,T03_247T01_9000003914::NGC 188,12.080000,85.223917,uvit1
744,T03_245T01_9000003916::IGR J17379-3747,264.495000,-37.772000,laxpc2
745,T03_243T01_9000003918::NGC 6814,295.669350,-10.323492,sxt
746,C05_013T06_9000003920::NGC 188,12.080000,85.223917,uvit1
747,T03_255T01_9000003922::SGR 1830-0645,277.673792,-6.754861,laxpc2
748,A09_038T15_9000003936::SMC-15,15.009021,-71.506913,uvit1
749,A09_038T16_9000003938::SMC-16,12.038654,-73.651933,uvit1
750,A09_038T20_9000003940::SMC-20,14.505033,-72.428086,uvit1
751,A09_038T22_9000003942::SMC-22,15.616629,-71.805817,uvit1
752,A09_038T23_9000003944::SMC-23,13.320704,-73.654816,uvit1
753,A09_038T25_9000003946::SMC-25,14.552054,-73.039034,uvit1
754,A09_038T26_9000003948::SMC-26,15.135671,-72.728528,uvit1
755,A09_038T27_9000003950::SMC-27,15.699283,-72.416398,uvit1
756,A09_038T28_9000003952::SMC-28,16.243854,-72.102726,uvit1
757,A09_038T29_9000003954::SMC-29,16.770275,-71.787588,uvit1
758,C05_019T04_9000003956::Blank Sky-8,237.391917,70.348089,laxpc2
759,A09_038T30_9000003958::SMC-30,14.602604,-73.649978,uvit1
760,A09_038T31_9000003960::SMC-31,15.205996,-73.339289,uvit1
761,A09_038T32_9000003962::SMC-32,15.787917,-73.026929,uvit1
762,A09_038T14_9000003964::SMC-14,14.461187,-71.817115,uvit1
763,A09_038T13_9000003966::SMC-13,13.895050,-72.125701,uvit1
764,A09_038T24_9000003968::SMC-24,13.947421,-73.347828,uvit1
765,A09_038T33_9000003970::SMC-33,16.349438,-72.712987,uvit1
766,T03_259T01_9000003972::M31N 2008-12a,11.370000,41.902806,uvit1
767,C05_019T04_9000003974::Blank Sky-8,237.391917,70.348089,laxpc2
768,T03_257T01_9000003976::Akn564,340.726697,29.712317,uvit1
769,A09_038T36_9000003978::SMC-36,15.883196,-73.637423,uvit1
770,A09_038T37_9000003980::SMC-37,16.462783,-73.323182,uvit1
771,A09_038T38_9000003982::SMC-38,16.371613,-72.983569,uvit1
772,A09_038T39_9000003984::SMC-39,17.543858,-72.622015,uvit1
773,A09_038T41_9000003986::SMC-41,17.716700,-73.299528,uvit1
774,T03_262T01_9000003988::M31N 2008-12a,11.370000,41.902806,sxt
775,T03_263T01_9000003990::A0535+262,84.727393,26.315789,laxpc1
776,A09_038T42_9000003992::SMC-42,18.966675,-73.268358,uvit1
777,A09_038T43_9000003994::SMC-43,19.705650,-73.553693,uvit1
778,A09_038T44_9000003996::SMC-44,20.211654,-73.229714,uvit1
779,A09_038T45_9000003998::SMC-45,20.969629,-73.510553,uvit1
780,A10_002T05_9000004000::M31 Field No. 2,11.037000,41.557347,uvit1
781,A09_038T46_9000004002::SMC-46,21.450617,-73.183644,uvit1
782,A09_038T47_9000004004::SMC-47,22.226725,-73.459887,uvit1
783,A09_038T35_9000004006::SMC-35,17.415212,-72.080672,uvit1
784,A09_038T34_9000004008::SMC-34,16.891554,-72.397542,uvit1
785,A10_024T01_9000004010::GW Candidate Transient,334.962500,-48.711111,uvit1
786,A09_038T40_9000004012::SMC-40,18.080917,-72.371539,uvit1
787,A10_009T02_9000004014::R Scl,21.742062,-32.543177,uvit1
788,A10_016T01_9000004016::UGC6614,174.811967,17.143669,uvit1
789,A10_016T02_9000004018::NGC1042,40.099863,-8.433544,uvit1
790,A10_048T08_9000004020::IC 1438,334.121250,-21.430694,uvit1
791,A10_002T04_9000004022::M31 Field No. 1,10.710708,41.250228,uvit1
792,A10_002T05_9000004024::M31 Field No. 2,11.037000,41.557347,uvit1
793,A10_024T01_9000004026::GW Candidate Transient,334.962500,-48.711111,uvit1
794,A10_048T01_9000004028::NGC 0613,23.575833,-29.418500,uvit1
795,A10_048T06_9000004030::NGC 7755,356.965417,-30.522000,uvit1
796,A10_049T01_9000004032::1H 0419-577,66.502958,-57.200492,sxt
797,A10_016T01_9000004034::UGC6614,174.811967,17.143669,uvit1
798,A10_021T02_9000004036::NGC 1672,71.427083,-59.247181,uvit1
799,A10_021T03_9000004038::NGC 3351,160.990417,11.703806,uvit1
800,A10_065T03_9000004040::Cluster 3,46.010000,-12.070000,sxt
801,A10_021T01_9000004044::NGC 1097,41.579375,-30.274889,uvit1
802,A10_045T01_9000004046::NGC 660,25.760000,13.645056,uvit1
803,A10_045T02_9000004048::MCG-05-07-001,37.083792,-31.881028,uvit1
804,A10_048T02_9000004050::NGC 1097,41.579583,-30.274889,uvit1
805,A10_045T03_9000004052::UGC 5791,159.862042,47.947111,uvit1
806,A10_057T02_9000004054::J0723+3621,110.755833,36.354750,uvit1
807,A10_073T01_9000004056::MU Cam,96.317500,73.577472,sxt
808,A10_073T04_9000004058::YY Dra,175.909583,71.688806,sxt
809,A10_057T05_9000004060::UGC 4722,135.100417,25.614806,uvit1
810,A10_024T01_9000004062::GW Candidate Transient,334.962500,-48.711111,uvit1
811,A10_090T14_9000004064::NGC7662,351.473333,42.535000,uvit1
812,A10_045T04_9000004066::LEDA 37112,177.900192,16.664286,uvit1
813,A10_073T05_9000004068::EI UMa,129.544583,48.634444,sxt
814,A10_090T16_9000004070::NGC6543,269.639183,66.632986,uvit1
815,A10_045T09_9000004072::UGC 9562,222.810042,35.542269,uvit1
816,C05_019T04_9000004074::Blank Sky-8,237.391917,70.348089,laxpc2
817,A10_067T01_9000004076::oj287,133.703646,20.108511,sxt
818,A10_102T06_9000004078::J112333d56p671109d9,170.889833,67.186083,uvit1
819,A10_116T01_9000004082::NGC 1097,41.579375,-30.274889,uvit1
820,A10_101T02_9000004084::PG 0050+124,13.395554,12.693313,uvit1
821,A10_045T05_9000004086::SDSSCGB 6435.1,197.524333,34.181111,uvit1
822,A10_058T13_9000004088::JO23,17.033625,-15.511869,uvit1
823,A10_101T21_9000004090::PG 1613+658,243.488246,65.719432,uvit1
824,A10_050T06_9000004092::UCAC2 27827162,124.595833,-11.194150,uvit1
825,A10_110T04_9000004094::SDSS J104518.43+351913.5,161.325000,35.320278,uvit1
826,A10_123T03_9000004096::BCD_T3,168.950208,29.188250,uvit1
827,A10_110T05_9000004098::SDSS J110713.22+650606.6,166.805000,65.101944,uvit1
828,A10_058T09_9000004100::JO200,10.520912,-9.534464,uvit1
829,A10_102T07_9000004102::J022849d51m090153d8,37.206292,-9.031611,uvit1
830,A10_110T01_9000004104::MRK 721,155.885833,10.959722,uvit1
831,A10_102T03_9000004106::J110731d23p134712d8,166.880125,13.786889,uvit1
832,A10_045T06_9000004108::Mrk 803,211.228042,12.704689,uvit1
833,A10_045T07_9000004110::UGC 9002,211.223833,12.721694,uvit1
834,A10_073T08_9000004112::J0525+24,81.343750,24.225500,sxt
835,A10_110T03_9000004114::MRK 743,174.553750,12.111944,uvit1
836,A10_021T04_9000004116::NGC 4298,185.386500,14.606167,uvit1
837,A10_021T08_9000004118::NGC 4689,191.800000,13.900356,uvit1
838,A10_123T03_9000004120::BCD_T3,168.950208,29.188250,uvit1
839,A10_123T06_9000004122::BCD_T6,172.547250,44.255250,uvit1
840,A10_123T07_9000004124::BCD_T7,182.681792,42.264225,uvit1
841,A10_123T08_9000004126::BCD_T8,197.749458,51.487233,uvit1
842,A10_093T01_9000004128::2MASSJ05215658+4359220,80.485750,43.989444,uvit1
843,C05_019T04_9000004130::Blank Sky-8,237.391917,70.348089,laxpc2
844,A10_103T01_9000004132::NGC 5139,201.696833,-47.479583,uvit1
845,A10_121T01_9000004134::2S 1417-624,215.303333,-62.698333,sxt
846,A10_103T08_9000004136::IC 4499,225.076875,-82.213694,uvit1
847,A10_123T06_9000004138::BCD_T6,172.547250,44.255250,uvit1
848,A10_123T07_9000004140::BCD_T7,182.681792,42.264225,uvit1
849,A10_115T03_9000004142::Y CVn,191.282583,45.440250,uvit1
850,A10_064T01_9000004144::arp 273,35.377500,39.366111,uvit1
851,A10_082T04_9000004150::NGC 6058,241.110625,40.683042,uvit1
852,A10_123T08_9000004152::BCD_T8,197.749458,51.487233,uvit1
853,A10_048T03_9000004154::NGC 4981,197.202917,-6.777500,uvit1
854,A10_073T06_9000004156::V647 Aur,99.135417,35.595361,sxt
855,A10_073T06_9000004156::V647 Aur,99.135417,35.595361,sxt
856,A10_103T04_9000004158::NGC 2419,114.535292,38.882444,uvit1
857,A10_123T02_9000004160::BCD_T2,129.684375,43.372275,uvit1
858,C05_019T04_9000004162::Blank Sky-8,237.391917,70.348089,laxpc2
859,A10_094T20_9000004164::LMC-20,84.395425,-70.194733,uvit1
860,A10_094T21_9000004166::LMC-21,85.457556,-70.170906,uvit1
861,A10_094T22_9000004168::LMC-22,86.516968,-70.140823,uvit1
862,A10_097T04_9000004170::NGC 3393,162.097917,-25.162056,uvit1
863,A10_094T19_9000004172::LMC-19,83.331199,-70.212284,uvit1
864,A10_094T18_9000004174::LMC-18,82.265509,-70.223543,uvit1
865,A10_094T17_9000004176::LMC-17,81.198998,-70.228499,uvit1
866,A10_115T01_9000004178::HD44179,94.992575,-10.637417,uvit1
867,T03_275T01_9000004180::GX339-4,255.705667,-48.789667,laxpc1
868,A10_063T01_9000004182::PG 1404+226,211.591208,22.396254,sxt
869,A10_099T01_9000004184::NGC 4748,193.051921,-13.414720,uvit1
870,A10_021T08_9000004186::NGC 4689,191.800000,13.900356,uvit1
871,A10_048T07_9000004188::NGC 4394,186.481667,18.213889,uvit1
872,A10_053T19_9000004190::BMP19,49.897333,-32.846167,uvit1
873,A10_053T34_9000004192::BMP40,48.724083,-14.731889,uvit1
874,A10_053T41_9000004194::BMP49,112.672708,24.085167,uvit1
875,A10_094T71_9000004196::LMC-71,87.203075,-68.889408,uvit1
876,A10_053T43_9000004198::BMP51,205.435750,47.690694,uvit1
877,A10_102T02_9000004200::J171409d04p584906d2,258.537667,58.818389,uvit1
878,T03_272T01_9000004204::2S 1553-542,239.454167,-54.415000,laxpc2
879,A10_115T01_9000004206::HD44179,94.992575,-10.637417,uvit1
880,A10_045T08_9000004208::LEDA 84268,220.329917,7.792994,uvit1
881,A10_021T10_9000004210::NGC 6744,287.442083,-63.857528,uvit1
882,A10_050T01_9000004212::AS281,272.682750,-27.963917,uvit1
883,A10_083T01_9000004214::QV Tel (HR 6819),274.281375,-56.023356,laxpc2
884,A10_050T03_9000004216::IRAS 18067-2746,272.462708,-27.766858,uvit1
885,T03_279T01_9000004218::GX339-4,255.705754,-48.789767,sxt
886,A10_102T11_9000004220::J162539d87p404804d2,246.416125,40.801167,uvit1
887,T03_280T01_9000004222::gx339-4_1,255.754261,-48.604031,uvit1
888,T03_281T01_9000004224::gx339-4_2,255.981332,-48.739650,uvit1
889,T03_282T01_9000004226::gx339-4_3,255.899417,-48.972779,uvit1
890,A10_101T19_9000004228::PG 1501+106,226.004975,10.437716,uvit1
891,A10_102T11_9000004230::J162539d87p404804d2,246.416125,40.801167,uvit1
892,A10_102T05_9000004232::J160531d84p174826d1,241.382667,17.807250,uvit1
893,A10_110T02_9000004234::MRK 789,203.100833,11.106389,uvit1
894,A10_094T01_9000004236::LMC-01,76.339345,-70.477508,uvit1
895,A10_094T02_9000004238::LMC-02,77.417499,-70.501250,uvit1
896,A10_102T08_9000004240::J091424d75p115625d5,138.603125,11.940417,uvit1
897,A10_102T09_9000004242::J080359d96p095846d8,120.999833,9.979667,uvit1
898,A10_094T05_9000004244::LMC-05,80.662190,-70.534169,uvit1
899,A10_064T03_9000004246::VV 304,289.625000,-60.498889,uvit1
900,A10_094T06_9000004248::LMC-06,81.744937,-70.532339,uvit1
