Id,Name,RA,DE,B-V,Cat,class,E(B-V),Fx,GLAT,GLON,Opt,Porb,Porb2,Ppulse,Range,SpType,Type,U-B,Vmag,r_Fx,r_Opt,r_Ppulse,r_Vmag
1,2A 0042+323,11.209999999999999,33.021388888888886,0.6,"U,M,A,AS,R,B,X",lmxb,0.2,0.5,-29.8,121.3,*3,,,,,,T,,19.3,103,168,,168
2,GRO J0422+32,64.62458333333333,32.79,0.3,"C,Gr,R,K,AS,X",lmxb,0.23,3000.0,-11.9,197.3,,5.1,,,(20-300keV),,T,-0.5,13.2,"433,991",,"125,150,664,980","1151,1158,1159"
3,3A 0512-401,78.52749999999999,-40.04361111111111,,"U,M,A,H,G,Exo",lmxb,0.1,3.0,-35.0,244.5,NGC1851,,,,,,GB,,,"124,999,1366",475,,2
4,1M 0521-720,80.12166666666666,-71.96000000000001,0.0,"U,M,A,H,X,R",lmxb,0.1,9.0,-32.7,283.1,*22,8.16,,,,,Z?,-0.8,18.0,103,637,"121,1173","121,260,778"
5,RX J0532.7-6926,83.17833333333333,-69.43833333333333,,R,lmxb,,0.5,-32.1,279.9,,,,,,,,,,484,,,
6,4U 0614+091,94.28041666666667,9.136944444444444,0.3,"U,M,A,H,S,Gr,E,Exo,X,B",lmxb,0.3,50.0,-3.4,200.9,V1055 Ori,,,,,,AB,-0.5,18.5,"1399,1448","323,447",,287
7,3A 0620-003,95.68541666666665,-0.3458333333333333,0.2,"A,S,R",lmxb,0.4,0.02,-6.5,210.0,V616 Mon,7.75,,,,,TU,-0.8,11.2,"774,1407","331,447",857,1407
8,3A 0656-072,104.61250000000001,-7.263888888888889,,A,lmxb,,20.0,-1.7,220.2,,,,,,,T,,,"143,215,656",,,
9,EXO 0748-676,117.14083333333333,-67.7525,0.1,"Exo,AS,R,G,X",lmxb,0.42,0.1,-19.3,280.0,UY Vol,3.82,,,,,TBD,-0.9,16.9,443,1262,"998,1001","1125,1128"
10,SAX J0835.9+5118,128.98333333333335,51.309999999999995,,B,lmxb,,6.0,36.9,167.5,,,,,,,TB,,,399,,,
11,4U 0836-429,129.34583333333333,-42.88583333333333,,"U,M,Gr,G,R",lmxb,,1.0,-1.1,261.9,,,,,,,TB,,,"230,511,794",72,,
12,3A 0918-549,140.11166666666668,-55.20666666666667,0.3,"U,M,A,H,S",lmxb,0.3,10.0,-3.8,275.9,*X,,,,,,,-0.9,21.0,187,187,,"187,1348"
13,3A 0921-630,140.64458333333334,-63.294999999999995,0.6,"A,S,Exo",lmxb,0.2,3.0,-9.3,281.8,V395 Car,216.2,,,,,D,-0.5,15.3,"760,847",760,"846,847","113,186,847,1348"
14,GRS 1009-45,153.4,-45.07638888888889,0.13,"C, AS, Gr",lmxb,0.2,800.0,9.4,275.4,*1,,,,(1-10keV),,TU,,14.71,1263,"306,1140",,306
15,XTE J1118+480,169.54520833333333,48.03691666666666,,"AS,X,C",lmxb,0.024,40.0,62.3,157.6,*1,4.1,,,(2-12keV),,TA?,,12.25,1084,1312,"232,1312","410,1312"
16,GS 1124-684,171.61124999999998,-68.67583333333334,0.3,"Gr,G,C",lmxb,0.25,4.0,-6.1,295.0,,10.4,,,,,TU,,13.6,"1235,1241",303,"27,867,1075","303,435"
17,4U 1254-690,194.405,-69.28916666666666,0.3,"U,M,A,H,S,X,G",lmxb,0.35,25.0,-6.4,303.5,GR Mus,3.93,,,,,BD,,19.1,247,463,"247,927",927
18,4U 1323-619,201.65041666666667,-62.13611111111111,,"U,M,A,B",lmxb,5.0,7.0,0.2,307.1,,2.93,,,,,BD,,,"1000,1399",1000,1000,1000
19,GS 1354-645,209.54041666666666,-64.73472222222222,1.1,"M,G,X",lmxb,1.0,5.0,-2.8,310.0,BW Cir,,,,,,TU,-0.1,16.9,"678,1135",678,,678
20,XB 1455-314,224.59166666666667,-31.66888888888889,0.05,"V,A,Ha,AS,B,R",lmxb,0.1,0.1,23.9,332.2,V822 Cen,15.1,,,,,TB,-0.9,12.8,"231,1350",141,"196,254,858","84,141"
21,4U 1516-569,230.17041666666665,-57.16694444444444,,"U,M,A,H,S,AS,X",lmxb,1.0,5.0,0.0,322.1,BR Cir,398.4,,,,,TBA,,21.4,103,916,655,"916,1216"
22,3A 1524-617,232.07166666666666,-61.882777777777775,,"A,S,R.Gr",lmxb,0.7,5.0,-4.4,320.3,KY TrA,,,,,,TU,,,103,940,,940
23,4U 1543-475,236.78583333333333,-47.669444444444444,0.6,"U,M,T,C",lmxb,0.7,1.0,54.0,330.9,star,26.95,,,,,TU,,14.9,"103,676",183,984,"1025,1340"
24,4U 1543-624,236.97833333333332,-62.56805555555556,,"U,M,A,H,S,Exo",lmxb,0.5,35.0,-6.3,321.8,*6,,,,,,,,,1399,8,,860
25,XTE J1550-564,237.74491666666668,-56.47638888888889,1.35,"X,AS,C",lmxb,0.7,600.0,-1.8,325.9,,36.96,,,,,T,,16.6,"272,1080",630,631,"629,630,1114"
26,3A 1556-605,240.25958333333332,-60.738055555555555,0.45,"U,M,A,H,S",lmxb,0.6,16.0,-5.9,324.1,LU TrA,9.1,,,,,,-0.7,18.6,"928,1399",928,1170,"928,1127"
27,E 1603.6+2600,241.44083333333333,25.8625,,"E,R",lmxb,0.1,0.15,46.8,42.8,UW CrB,1.85,,,(0.3-3.2keV),,,,19.7,921,488,921,921
28,SAX J1603.9-7753,240.97500000000002,-77.885,,B,lmxb,,160.0,-18.7,312.4,,,,,,,TB,,,933,,,
29,4U 1608-522,243.17916666666667,-52.42305555555555,,"U,M,H,S,AS,C,X",lmxb,1.5,1.0,-0.9,330.9,QX Nor,,,,,,TBA,,,103,"470,1382",,"470,1028"
30,1M 1617-155,244.97958333333335,-15.640277777777778,0.2,"U,M,A,H",lmxb,0.15,14000.0,23.8,359.1,V818 Sco,18.9,,,,,Z,-0.8,12.2,1399,"447,1115","442,727","397,537,1379"
31,4U 1624-490,247.01,-49.19027777777777,,"U,M,A,H,S,X,B",lmxb,7.0,55.0,-0.3,334.9,,21.0,,,,,D,,,1399,1072,640,1404
32,4U 1627-673,248.07,-67.46194444444444,0.1,"U,M,A,H,S,B,R,AS,C,X,Exo",lmxb,0.1,25.0,-13.1,321.8,KZ TrA,0.69,,7.7,,,P,-1.2,18.5,872,"105,633","891,943","861,1348"
33,4U 1630-472,248.50166666666664,-47.39416666666666,,"U,M,A,C,X,B,G,E",lmxb,4.5,2.0,0.3,336.9,,,,,,,TUD,,,103,997,,997
34,KS 1632-477,249.1166666666667,-47.82694444444445,,K,lmxb,,13.0,-0.4,336.9,,,,,,,,,,611,,,
35,4U 1636-536,250.23125000000002,-53.75138888888889,0.7,"U,M,A,H,S,X,Exo",lmxb,0.8,220.0,-4.8,332.9,V801 Ara,3.8,,,,,BA,-0.7,17.5,1399,633,1354,"730,861"
36,1M 1642-455,251.44875,-45.611111111111114,,"U,M,A,H,S,X",lmxb,12.0,500.0,-0.1,339.6,,,,,,,Z,,,1399,8,,527
37,GRO J1655-40,253.5005708333333,-39.84580555555556,1.0,"C,AS,X,R,Gr",lmxb,1.1,1600.0,2.5,345.0,*1,62.88,,,(2-12keV),,TD,,14.2,1076,"30,1324","30,1323","30,593"
38,1M 1656+354,254.4575,35.3425,-0.2,"U,M,A,H,G,X,B,AS",lmxb,0.05,15.0,37.5,58.2,HZ Her,40.8,,1.24,,,P,-0.9,13.0,"872,1448","326,447","297,943","100,483"
39,3A 1658-298,255.52625000000003,-29.945833333333333,0.45,"A,H,X",lmxb,0.3,5.0,7.3,353.8,V2134 Oph,7.11,,,,,TBD,-0.4,18.3,103,330,228,"330,954"
40,4U 1659-487,255.70625000000004,-48.78972222222222,0.8,"U,M,A,H,K,B,X,C",lmxb,1.1,1.5,-4.3,338.9,V821 Ara,14.83,,,,,TU,-0.1,15.5,"603,912","122,330","122,582","252,800,1348"
41,1M 1702-363,256.43541666666664,-36.422777777777775,1.5,"U,M,A,H,S,X",lmxb,1.3,825.0,2.7,349.1,*6,21.85,22.5,,,,Z,,18.6,1399,"234,1026","55,1383,1384","234,1026"
42,4U 1702-429,256.56375,-43.03611111111111,,"U,M,S,X",lmxb,2.5,45.0,-1.3,343.9,,,,,,,BA,,,"634,970",527,,527
43,2A 1704+241,256.6441666666667,23.971666666666664,1.3,"A,H,R",lmxb,0.3,0.5,33.0,45.2,HD 154791,,,,,,,2.1,7.8,103,403,,403
44,3A 1705-250,257.06083333333333,-25.091388888888886,0.6,"A,H",lmxb,0.5,2.0,9.1,358.2,V2107 Oph,12.5,,,,,T,,15.9,103,462,"366,1077",462
45,4U 1705-440,257.22791666666666,-44.10055555555556,,"U,M,A,S",lmxb,2.0,10.0,-2.3,343.8,,,,,,,BA,,,"722,1399",1072,,722
46,4U 1708-40,258.0958333333333,-40.843333333333334,,"U,M,A,H",lmxb,,32.0,-0.9,346.3,,,,,,,,,,611,,,
47,XTE J1709-267,257.3758333333333,-26.6575,,"X,R,B",lmxb,,150.0,7.9,357.5,,,,,,,TB,,,825,,,
48,XTE J1710-281,257.55125000000004,-28.131666666666668,,"X,R",lmxb,,2.0,6.9,356.4,,,,,,,TB(?),,,816,,,
49,2S 1711-339,258.58,-34.04944444444444,,"H,S,R",lmxb,,16.0,2.7,352.1,,,,,,,T,,,103,453,,
50,SAX J1712.6-3739,258.14166666666665,-37.64333333333333,,B,lmxb,,34.0,0.94,348.9,,,,,(2-9keV),,TB,,,619,,,
51,3A 1715-321,259.6975,-32.17777777777778,,"M,A,H,S",lmxb,,28.0,3.1,354.1,,,,,,,B,,,"812,814,1399",1072,,
52,GRS 1716-249,259.90375,-25.0175,0.9,"Gr,K,C,AS",lmxb,0.9,1500.0,7.6,359.8,V2293 Oph,14.7,,,(20-100keV),,T,,16.65,501,"305,838",838,305
53,1RXS J171824.2-402934,259.6005416666667,-40.49177777777778,,"R,B",lmxb,,1400.0,-1.6,347.3,,,,,,,B,,,662,931,,
54,XTE J1723-376,260.9083333333333,-37.66166666666666,,"X,AS",lmxb,,70.0,-0.86,350.2,,,,,,,TB,,,821,,,
55,KS 1724-356,261.9125,-35.73444444444444,,K,lmxb,,32.0,-0.5,352.2,,,,,,,,,,611,,,
56,E 1724-307,261.8883333333333,-30.801944444444445,,"E,X,AS,B,R",lmxb,1.4,15.0,2.3,356.3,Ter 2,,,,,,GBA,,,"999,1366",475,,"10,803"
57,4U 1728-337,262.9891666666666,-33.834722222222226,,"U,M,A,H,S,C,X",lmxb,3.5,150.0,-0.2,354.3,,,,,,,BA,,,"1366,1399",469,,527
58,1M 1728-169,262.93416666666667,-16.961666666666666,0.3,"U,M,A,H,S",lmxb,0.3,300.0,9.0,8.5,V2216 Oph,4.2,,,,,A,-0.7,16.8,1399,"328,447","529,1123","954,1123"
59,1M 1728-247,263.0091666666667,-24.745555555555555,,"U,M,A,H,S",lmxb,1.7,100.0,4.8,1.9,V2116 Oph,340.0,,114.0,,,P,,19.0,1399,328,"276,943","288,289"
60,KS 1730-312,263.3833333333334,-31.216666666666665,,"K,Gr",lmxb,,900.0,1.6,356.3,,,,,,,T,,,94,,,
61,MXB 1730-335,263.35041666666666,-33.38777777777778,,"S,X,AS,Exo",lmxb,3.0,0.1,-0.2,354.8,Lil 1,,,,,,GBT,,,"465,1215","475,767",,"10,803"
62,4U 1730-220,263.4875,-22.03527777777778,,U,lmxb,,10.0,5.9,4.5,,,,,,,T,,,230,,,
63,KS 1731-260,263.5541666666667,-26.085833333333333,,"K,X,Gr,R",lmxb,3.2,10.0,3.6,1.1,,,,,,,BT,,,1230,"51,182",,1230
64,SLX 1732-304,263.9483333333333,-30.48222222222222,,"Ha,B,Gr,H,R,Exo",lmxb,1.5,10.0,0.9,357.6,Ter 1,,,,,,GB,,,"999,1166,1366",797,,"10,988,1405"
65,KS 1732-273,264.0083333333333,-27.425833333333333,,"K,G",lmxb,,5.0,2.59,0.16,,,,,,,TU,,,"612,792",182,,
66,GRS 1734-292,264.35416666666663,-29.18,,Gr,lmxb,,3.4,1.4,358.84,,,,,,,,,,1019,182,,
67,SLX 1735-269,264.56666666666666,-27.004444444444445,,"SL,X,R,AS,B",lmxb,,10.0,2.4,0.78,,,,,,,B,,,1166,,,
68,4U 1735-444,264.74291666666664,-44.45,0.2,"U,M,A,H,S,B,X",lmxb,0.15,160.0,-7.0,346.1,V926 Sco,4.65,,,,,BA,-0.8,17.5,1399,633,1319,"492,633,1348"
69,4U 1735-28,264.64166666666665,-28.483333333333334,,"U,M",lmxb,,0.4,1.56,359.6,,,,,,,T,,,"230,1166",,,
70,GRS 1736-297,264.88749999999993,-29.723888888888887,,Gr,lmxb,,2.0,0.7,358.63,,,,,,,,,,725,182,,
71,GRS 1737-31,264.9833333333333,-30.983333333333334,,"Gr,C,X,AS,B",lmxb,,26.0,0.58,357.3,,,,,,,T,,,822,,,
72,SLX 1737-282,265.2375,-28.310000000000002,,SL,lmxb,,3.0,1.2,0.01,,,,,,,,,,1166,,,
73,GRS 1739-278,265.65416666666664,-27.783055555555556,,"Gr,K,X,R",lmxb,4.0,860.0,1.17,0.66,,,,,(2-60keV),,T,,23.2,1258,831,,"459,831"
74,KS 1739-304,265.6833333333333,-30.514166666666668,,K,lmxb,,9.0,-0.3,358.33,,,,,,,,,,611,,,
75,GC X-4,265.9458333333333,-29.433333333333334,,,lmxb,,30.0,0.1,359.36,,,,,,,T(?),,,262,,,
76,E 1740.7-2942,265.9779166666666,-29.74527777777778,,"E,X,C,R,AS,Gr",lmxb,,4.0,-0.1,359.12,,,,,,,,,,"1166,1168,1233","734,882,1  169",,
77,GS 1741.2-2859,266.10583333333335,-29.0125,,G,lmxb,,1.5,0.18,359.8,,,,,,,,,,909,,,
78,KS 1741-293,266.20416666666665,-29.351666666666667,,"K,B,X",lmxb,,5.0,-0.07,359.5,,,,,,,TB,,,612,182,,
79,1H 1741-322,266.2583333333333,-32.227222222222224,,H,lmxb,,2.0,-1.6,357.1,,,,,,,TU,,,"103,1168,1448",,,
80,GRS 1741.9-2853,266.25416666666666,-28.901666666666664,,"Gr,B",lmxb,,7.0,0.13,356.0,,,,,,,TB,,,1233,182,,
81,GPS 1742-326,266.37083333333334,-32.69416666666666,,Exo,lmxb,,2.0,-1.9,356.8,,,,,,,,,,"1168,1400",,,
82,E 1742.2-2857,266.36083333333335,-28.983333333333334,,E,lmxb,,0.1,0.01,359.9,,,,,(0.9-4.0keV),,,,,1403,1403,,
83,3A 1742-294,266.40416666666664,-29.45,,"A,S,AS,Gr,E,K",lmxb,,45.0,-0.26,359.56,,,,,,,B(T?),,,262,,,
84,1A 1742-289,266.40416666666664,-29.01861111111111,,A,lmxb,,9.0,0.0,359.9,,,,,,,TB(?),,,103,1403,,
85,E 1742.5-2859,266.4195833333333,-29.003055555555555,,"E,R",lmxb,,1.0,-0.05,359.95,,,,,,,,,,"1166,1233,1403",1403,,
86,E 1742.5-2845,266.42875000000004,-28.781388888888888,,E,lmxb,,0.15,0.06,0.14,,,,,(0.9-4.0 keV),,,,,1403,1403,,
87,E 1742.7-2902,266.47041666666667,-29.05611111111111,,E,lmxb,,0.2,-0.11,359.9,,,,,(0.9-4.0 keV),,,,,1403,1403,,
88,E 1742.8-2853,266.5,-28.91361111111111,,E,lmxb,,0.2,-0.063,0.06,,,,,(0.9-4.0 keV),,,,,1403,1403,,
89,E 1742.9-2852,266.5204166666667,-28.886944444444445,,E,lmxb,,0.2,-0.06,0.09,,,,,(0.9-4.0 keV),,,,,1403,1403,,
90,3A 1742-294,266.52583333333337,-29.51833333333333,,"A,Gr",lmxb,,60.0,-0.39,359.56,,,,,,,B,,,"1166,1233,1399",634,,
91,E 1742.9-2849,266.54041666666666,-28.851111111111113,,E,lmxb,,0.2,-0.0626,0.13,,,,,(0.9-4.0 keV),,,,,1403,1403,,
92,E 1743.1-2843,266.58,-28.735277777777778,,"E,AS,B",lmxb,45.0,0.5,-0.03,0.25,,,,,,,,,,"1166,1233,1403",1403,,1233
93,E 1743.1-2852,266.58124999999995,-28.89527777777778,,E,lmxb,,0.2,-0.11,0.11,,,,,(0.9-4.0 keV),,,,,1403,1403,,
94,1A 1743-288,266.6958333333333,-28.89472222222222,,"A,B,X",lmxb,,1.0,-0.25,0.21,,,,,,,TB,,,"262,1064,1166,1403",1403,,
95,SLX 1744-299,266.8570833333334,-29.99527777777778,,"SL,B",lmxb,7.5,6.0,-0.89,359.3,,,,,,,,,,1168,,,1168
96,GRO J1744-28,266.1379166666667,-28.74138888888889,,"C,K,AS,X,Gr",lmxb,,4700.0,0.31,0.04,,284.02,,0.467,(8-20 keV),,TBP,,,1120,19,367,
97,SLX 1744-300,266.8579166666667,-30.041944444444447,,"SL,B",lmxb,7.5,4.0,-0.9,359.26,,,,,,,B,,,1168,,,1168
98,1M 1744-265,266.98333333333335,-26.56361111111111,,"U,M,A,H,S,G,X",lmxb,3.7,400.0,0.8,2.3,,,,,,,BA,,,1399,1072,,527
99,1A 1744-361,267.05583333333334,-36.13138888888889,,A,lmxb,,25.0,-4.2,354.1,,,,,,,T,,,103,,,
100,AX J1745.6-2901,266.40000000000003,-29.02611111111111,,"AS,B",lmxb,,0.4,-0.035,359.9,,8.4,,,(3-10 keV),,TB,,,788,,788,
101,EXO 1745-248,267.23333333333335,-24.894444444444446,,"Ha,Exo",lmxb,2.1,0.1,1.5,3.8,Ter 5,,,,,,TGB,,,"525,1400",,,1405
102,4U 1745-203,267.22291666666666,-20.36722222222222,,"U,M",lmxb,1.1,0.1,3.8,7.7,NGC 6440,,,,,,GT,,,"345,383","383,447,811",,"954,1405"
103,SLX 1746-331,267.4608333333333,-33.198611111111106,,"SL,R",lmxb,,27.0,-3.1,356.9,,,,,,,U,,,1168,931,,
104,E 1746.7-3224,267.51458333333335,-32.42861111111111,,E,lmxb,,0.1,-2.6,357.5,,,,,,,,,,"526,1168",,,
105,4U 1746-370,267.55291666666665,-37.05222222222222,,"U,M,A,H,S,X,B",lmxb,0.5,32.0,-5.0,353.5,NGC 6441,5.7,,,,,GBA,,,"999,1366",475,1117,1255
106,EXO 1747-214,267.6070833333333,-21.4225,,Exo,lmxb,,70.0,22.73,19.8,,,,,,,TB,,,"996,1400",,,
107,GRS 1747-312,267.68958333333336,-31.292222222222225,,"R,Gr,B,X",lmxb,1.5,1.5,-2.2,358.6,Ter 6,12.36,,,,,G,,,"1019,1052",182,620,1405
108,XTE J1748-288,267.02108333333337,-28.47383333333333,,"X,B,I",lmxb,,640.0,-0.21,0.7,,,,,,,T,,,1220,,,
109,SAX J1748.9-2021,267.22249999999997,-20.361944444444447,,"B,X,R(?)",lmxb,1.0,30.0,3.8,7.73,*V2(?),,,,,,TGB,,,616,1370,,986
110,1RXS J175229.0-282951,268.06666666666666,-28.50611111111111,,"SL,A",lmxb,,60.0,-1.0,1.1,,,,,,,T,,,1064,,,
111,SAX J1750.8-2900,267.6,-29.038333333333334,,"B,X",lmxb,,130.0,-0.94,0.45,,,,,,,TB,,,948,,,
112,SAX J1752.3-3138,268.1,-31.628333333333334,,B,lmxb,,740.0,-2.6,358.4,,,,,(2-26 keV),,B,,,60,,,
113,4U 1755-338,269.6666666666667,-33.8075,0.7,"U,M,A,H,S,R,G",lmxb,0.5,100.0,-4.9,357.2,V4134 Sgr,4.46,,,,,DU,,18.5,1399,845,"845,1417","845,954"
114,XTE J1755-324,268.8691666666667,-32.4775,,"X,Gr",lmxb,,180.0,-3.6,358.0,,,,,(2-12 keV),,T,,,1078,,,
115,1M 1758-250,270.28416666666664,-25.079166666666666,,"U,M,A,H,S",lmxb,7.5,1250.0,-1.0,5.1,,,,,,,Z,,,1399,"952,1072",,527
116,GRS 1758-258,270.30291666666665,-25.740555555555556,,"Gr,X,C,R,AS",lmxb,3.0,20.0,-1.4,4.5,,,,,,,U,,,1238,"882,1165",,1165
117,1M 1758-205,270.38458333333335,-20.528888888888886,,"U,M,A,H,S",lmxb,3.7,700.0,1.2,9.1,,,,,,,A,,,1399,"447,952,1072",,527
118,2S 1803-245,271.7091666666667,-24.5875,,S,lmxb,,2.0,-1.9,6.1,,,,,,,T,,,230,634,,
119,XTE J1806-246,271.71250000000003,-24.584999999999997,,X,lmxb,,440.0,-1.9,6.14,,,,,(2-12 keV),,TB(?)A,,,826,,,
120,SAX J1808.4-3658,272.11475,-36.978972222222225,,"B,X",lmxb,,110.0,-8.14,355.4,,2.014167,,0.00249,,,TPB,,16.6,420,420,"162,1425","420,1097"
121,SAX J1810.8-2609,272.6854166666667,-26.150277777777777,,"B,R",lmxb,,16.0,-3.4,5.2,,,,,,,TB,,,1307,461,,461
122,1M 1811-171,273.62958333333336,-17.15722222222222,,"U,M,A,H,S,X",lmxb,5.7,350.0,0.1,13.5,IR star,592.8,,,,,AB,,,"1399,1448","328,447,952",241,167
123,4U 1812-12,273.8,-12.083333333333334,,"M,A,H,B",lmxb,,15.0,2.3,18.1,,,,,,,B,,,"1399,1448",,,
124,1M 1813-140,274.0058333333333,-14.036388888888888,1.3,"U,M,A,H,S,Exo",lmxb,2.5,700.0,1.3,16.4,NP Ser,,,,,,ZB,1.0,17.5,1399,"328,447,952",,"807,1131,1254"
125,SAX J1819.3-2525,274.8395,-25.42666666666667,,"B,X",lmxb,0.24,1.0,-4.79,6.75,V4641 Sgr,,,,(2-12 keV),,T,,8.8,1189,436,,"1224,1388"
126,4U 1820-303,275.9191666666667,-30.36138888888889,,"U,M,A,H,S,X,B,R",lmxb,0.3,250.0,-7.9,2.8,NGC 6624,0.19,,,,,GBA,,,"1366,1399",475,1213,"674,1317"
127,4U 1822-371,276.44500000000005,-37.10527777777778,0.1,"U,M,A,H,B",lmxb,0.15,10.0,-11.3,356.9,V691 CrA,5.57,,,,,D,-0.9,15.3,"872,1448",463,"842,1415","840,841,842"
128,4U 1822-000,276.34208333333333,-0.012222222222222223,1.0,"U,M,A,H,S",lmxb,1.3,25.0,5.8,29.9,star,,,,,,,,22.0,103,"195,447",,"191,527"
129,GS 1826-238,277.3625,-23.79138888888889,0.4,"G,B,X",lmxb,,30.0,-6.0,9.3,,,,,,,TB,-0.5,19.0,"611,793",930,,930
130,XB 1832-330,278.9333333333333,-32.981944444444444,,"R,X,AS",lmxb,0.1,8.0,-11.4,1.5,NGC 6652,,,,(0.5-2 keV),,GB,,,1052,,,1405
131,1M 1837+049,279.9895833333333,5.035833333333334,,"U,M,A,H,S",lmxb,0.04,225.0,4.8,36.1,MM Ser,,,,,,B,-0.5,,"1059,1399","447,1285",,"1142,1285"
132,EXO 1846-031,282.32125,-3.062222222222222,,Exo,lmxb,,300.0,-0.9,29.9,,,,,,,TU,,,1002,1002,,
133,4U 1850-087,283.2704166666667,-8.705555555555556,0.2,"U,A,H,S,B",lmxb,0.42,7.0,-4.3,25.4,NGC 6712,0.343,,,,,GB,-0.9,21.0,"999,1366,1399","21,263,447",580,"263,956"
134,XTE J1856+053,284.1625,5.33,,"X,C",lmxb,,70.0,1.26,38.27,,,,,,,T,,,824,,,
135,XTE J1859+226,284.67325,22.658166666666666,0.34,"X,C,B",lmxb,0.58,600.0,8.59,54.05,,,,,,,T,-0.65,15.31,281,412,,"176,596,961,1394"
136,4U 1905+000,287.1125,0.16888888888888887,0.5,"U,A,H,S",lmxb,0.5,10.0,3.7,35.0,star,,,,,,B,-0.5,20.5,"188,1399","194,447",,194
137,4U 1908+005,287.81666666666666,0.5850000000000001,0.6,"U,M,A,S,X,C,G",lmxb,0.4,0.1,-4.1,35.7,V1333 Aql,19.0,,,,,TBA,-0.4,14.8,"103,1350","447,1283",190,"169,191,1283"
138,GRS 1915+105,288.8208333333334,10.968333333333334,,"Gr,B,X,C,I,AS",lmxb,9.6,300.0,-0.9,45.3,,,,,,,TB,,,243,87,,87
139,4U 1916-053,289.7,-5.235833333333334,0.4,"U,M,A,H,S,R,AS,B,X,C",lmxb,0.7,25.0,-8.5,31.4,V1405 Aql,0.83,,,,,BD,-0.5,21.0,"1179,1399","447,1126,1397","476,1126,1412","476,1126"
140,4U 1918+146,290.0708333333333,14.694166666666668,,"U,A",lmxb,,5.0,0.4,49.3,,,,,,,T,,,230,,,
141,XB 1940-04,295.6583333333333,-3.9,,Ha,lmxb,,50.0,-13.1,35.3,,,,,,,B,,,937,,,
142,4U 1957+115,299.85,11.708333333333332,0.3,"U,M,A,H,S,X,G,Exo,AS",lmxb,0.4,30.0,-9.3,51.3,V1408 Aql,9.33,,,,,U,-0.6,18.7,1399,"327,447",1281,809
143,GS 2000+251,300.7066666666667,25.236666666666668,1.3,"G,R",lmxb,1.5,0.5,-3.1,63.4,QZ Vul,8.26,,,,,TU,0.0,18.9,"896,1139","120,447","120,173,189,191","90,1301"
144,XTE J2012+381,303.15749999999997,38.183638888888886,,"X,AS",lmxb,1.9,160.0,2.22,75.4,*B,,,,,,TU,,21.33,1422,597,,597
145,GS 2023+338,306.0158333333333,33.867777777777775,1.5,"G,X,K",lmxb,1.0,0.4,-2.2,73.2,V404 Cyg,155.4,,,,,TU,0.3,12.7,"896,1139,1234","331,1389",148,"118,172,1390"
146,XTE J2123-058,320.81058333333334,-5.798027777777778,-0.02,X,lmxb,0.1,110.0,-29.9,58.1,,5.96,,,,,TBA,-0.88,16.8,740,1293,"595,600,1293",1290
147,4U 2127+119,322.4929166666667,12.167499999999999,-0.1,"U,M,A,H,X",lmxb,0.06,6.0,-27.3,65.0,M15,17.1,,,,,GB,-1.2,15.8,"1366,1399",22,"521,604,605,951","23,83,953"
148,1M 2129+470,322.8591666666666,47.29,0.65,"U,M,A,H,R",lmxb,0.5,9.0,-3.0,91.6,V1727 Cyg,5.24,,,,,B,-0.3,16.4,1399,"447,1284","864,865","864,1284"
149,1M 2142+380,326.1716666666667,38.32166666666667,0.5,"U,M,A,H,X,B,G",lmxb,0.45,450.0,-11.3,87.3,V1341 Cyg,236.2,,,,,ZB,-0.2,14.7,1399,"418,447",249,"199,783,866"
150,GT 2318+620,350.1420833333333,62.2925,,"U,A",lmxb,0.3,2.4,1.3,112.6,,,,,,,,,,384,,,1273
151,RX J0032.9-7348,8.233749999999999,-73.80527777777777,,R,hmxb,,0.2,-43.2,304.7,*1,,,,,Be,,,15.3,354,657,,354
152,AX J0049-732,12.373333333333333,-73.18222222222222,,As,hmxb,,0.04,-43.9,303.1,,,,9.1321,,,P,,,327,,327,
153,AX J0049-729,12.260416666666666,-72.84777777777778,,"AS, R, X",hmxb,,0.5,-44.3,303.2,Be star,,,74.676,,Be,TP,,,354,657,"132,790",
154,H 0050-727,13.025416666666667,-72.435,-0.3,"A,H,S,X",hmxb,0.03,1.0,-44.7,302.9,*4,,,,,O9 III-Ve,T,-1.0,14.0,95,95,,"7, 146"
155,RX J0050.7-7316,12.68625,-73.26805555555555,-0.03,"R,AS",hmxb,,0.16,-43.8,303.0,Be star,1.416,,323.0,(0.7-10 keV),Be,P,-0.95,15.44,788,141,"104,788","104,141"
156,AX J0051-722,12.7325,-72.23194444444445,,"X,R,B",hmxb,,2.6,-44.9,303.0,Be star,120.0,,91.1,,Be,TP,,14.9,424,657,"334,461",657
157,RX J0051.8-7231,12.970833333333333,-72.52916666666667,,"E, X,R ,B",hmxb,,0.01,-44.6,302.9,*2,,,8.9,,Be,TP,,,354,657,330,
158,RX J0051.9-7311,12.964166666666666,-73.17722222222223,,R,hmxb,,,-43.9,302.9,B[e  star,,,,,B[e,T,,14.4,,141,,141
159,RX J0052.1-7319,13.057916666666667,-73.32027777777778,-0.005,"E,X,R",hmxb,,0.024,-43.8,302.8,SMC SC6 99923,,,15.3,,Be,TP,,14.667,399,702,399,"702,332"
160,RX J0052.9-7158,13.225000000000001,-71.96888888888888,-0.07,R,hmxb,,2.0,-45.1,302.8,Be star,,,,(0.15-2.4 keV),Be,TU,-0.99,15.46,141,141,,141
161,H 0053-739,13.639166666666668,-73.68444444444445,-0.3,"A,S",hmxb,0.03,1.0,-43.4,302.6,*5,,,,,B1.5Ve,T,-0.5,16.0,95,95,,506
162,3A 0053+604,14.176250000000001,60.71666666666667,-0.15,"U,A,H,S,AS,B",hmxb,0.05,5.0,-2.1,123.6,{gamma} Cas,,,,,B0.5Ve,,-1.08,1.6,63,177,,489
163,RX J0053.8-7226,13.479166666666666,-72.44638888888889,,"X,R",hmxb,,1.4,-44.7,302.7,,139.0,,46.63,,B1V,TP,,,132,,"132,425",
164,XTE J0054-720,13.65,-72.06666666666666,,"X ,B",hmxb,,3.8,-45.0,302.6,,,,169.3,,,TP,,,428,,428,
165,XTE J0055-724,13.734041666666666,-72.441,-0.04,"X,B,R,E",hmxb,0.06,1.0,-44.7,302.6,Be star,65.0,,58.969,,B0-B1III-V,TP,-0.78,15.28,458,"621,657","429,458,610","104,279,621"
166,AX J0058-720,14.451666666666666,-72.045,,"AS,R",hmxb,,0.1,-45.0,302.2,,,,280.4,(0.7-10 keV),,P,,,788,,788,
167,RX J0058.2-7231,14.552916666666667,-72.5125,,R,hmxb,,,-44.6,302.2,Be star,,,,,Be,,,15.0,,621,,621
168,RX J0059.2-7138,14.797083333333333,-71.64583333333334,0.11,"R,E",hmxb,0.03,3.0,-45.4,302.1,Be star,,,2.7632,(0.2-2 keV),B1IIIe,TUP,,14.1,299,650,299,650
169,RX J0101.0-7206,15.254583333333333,-72.11583333333333,,"R,E",hmxb,,0.1,-45.0,301.9,Be star,,,,,Be,T,,,354,657,,
170,AX J0103-722,15.807916666666667,-72.1538888888889,0.089,"R,A,B",hmxb,0.23,0.01,-44.9,301.6,Be star,,,345.2,(0.2-2 keV),O9-B1(III-V),P,,14.8,"300,334",300,334,"104,300"
171,1H 0103-762,17.275416666666665,-74.74444444444444,,"H,V,R",hmxb,0.03,2.3,-41.1,301.9,Be star,,,,,Be,T,,17.0,781,,,698
172,AX J0105-722,16.28708333333333,-72.19555555555556,,"AS,R",hmxb,,0.1,-44.9,301.4,,,,3.343,,,TP,,,203,203,789,
173,RX J0106.2-7205,16.562916666666666,-72.09027777777777,,R,hmxb,0.05,0.005,-45.0,301.3,Be star,,,,(0.2-2 keV),B2-B5 III-Ve,,,16.7,300,300,,300
174,XTE J0111.2-7317,17.785,-73.27944444444444,0.08,"X,AS,C",hmxb,,15.0,-43.7,301.0,Be star,,,31.0294,,B0-2III-Ve,TP,,15.32,87,113,86,113
175,3A 0114+650,19.511666666666667,65.28861111111111,1.2,"A,S,X",hmxb,1.4,4.0,2.6,125.7,V662 Cas,11.6,,10008.0,,B0.5Ib,P,0.1,11.0,63,177,"148,210,785","3,148"
176,4U 0115+634,19.63291666666667,63.74,1.4,"U,M,H,S,C,X",hmxb,1.7,2.0,1.0,125.9,V635 Cas,24.3,,3.61,,B0.2V,TP,0.3,14.5,63,347,"508,569","345,473,513"
177,3A 0115-737,19.271666666666665,-73.44305555555556,-0.14,"U,M,A",hmxb,0.03,0.5,-43.6,300.4,Sk 160,3.89,,0.71,,B0Ib,P,-0.98,13.3,63,609,"508,566,623","312,753"
178,RX J0117.6-7330,19.4225,-73.51361111111112,-0.07,"C,R",hmxb,0.03,10.0,-43.5,300.4,Be star,,,22.07,,B0.5IIIe,TP,,14.19,439,,439,"90,649"
179,RX J0146.9+6121,25.885833333333334,61.10722222222223,0.82,"R,AS,X,B",hmxb,0.87,1.0,-1.2,129.2,LS I+61 235,,,1404.2,(0.1-2.4 keV),B1Ve,,-0.39,11.33,499,267,254,"143,410,579,640"
180,GT 0236+610,40.13166666666667,61.22916666666667,0.8,E,hmxb,0.75,0.2,1.1,135.7,LS I+61 303,26.45,,,(0.2-5 keV),B0e,,-0.3,10.7,48,"70,267",677,"180,308,600"
181,EXO 0331+530,53.749583333333334,53.17305555555555,1.6,"V,T,Exo",hmxb,1.9,0.5,-2.2,146.1,BQ Cam,34.25,,4.4,,O8.5Ve,TP,,15.1,"655,683",381,"508,655,771","128,290,513"
182,4U 0352+309,58.84583333333333,31.045833333333334,0.29,"U,M,A,H,S",hmxb,0.4,9.0,-17.1,163.1,X Per,580.0,,835.0,,B0III-Ve,P,-0.82,6.0,63,64,"306,508","311,434,489,639"
183,XTE J0421+560,64.94166666666666,55.99,1.0,"X,B,C,AS",hmxb,0.8,2000.0,4.1,149.2,CI Cam,,,,,--,T,-0.4,9.25,"40,523",,,"100a,323"
184,RX J0440.9+4431,70.24958333333333,44.530833333333334,0.61,"R,X",hmxb,,1.0,-1.3,159.8,BSD 24-491,,,202.5,,B0V-IIIe,P,-0.36,10.78,577,142,577,500
185,RX J0501.6-7034,75.34958333333334,-70.55916666666667,-0.07,"E,R",hmxb,,,-34.5,281.9,Be star,,,,,B0e,,,14.5,,618,,618
186,RX J0502.9-6626,75.71499999999999,-66.44027777777778,-0.1,"E, R",hmxb,,5.7,-35.4,277.0,Be star,,,4.0635,,B0e,TP,,14.22,619,618,619,617
187,RX J0512.6-6717,78.17416666666666,-67.28972222222222,,R,hmxb,,,-34.3,277.8,,,,,,,,,,,,,
188,RX J0516.0-6916,79.00041666666667,-69.26916666666666,-0.1,R,hmxb,,0.07,-33.6,280.1,star 2,,,,,B1e,T,-0.9,15.0,141,141,,141
189,RX J0520.5-6932,80.12624999999998,-69.53444444444445,,R,hmxb,,,-33.2,280.3,Be star,,,,,O8e,T,,14.4,,618,,618
190,1H 0521+373,80.64666666666666,37.67611111111111,0.14,"U,H",hmxb,0.42,1.0,0.7,170.0,HD34921,,,,,B0IVpe,,-0.86,7.51,"215, 781",646,,"78,555,599"
191,RX J0529.8-6556,82.45166666666667,-65.9475,,R,hmxb,,0.17,-32.9,275.9,GSC 8891.0213,,,69.5,,B2III-Ve,TP,,,253,253,253,253
192,EXO 053109-6609.2,82.80416666666666,-66.11833333333333,,"Exo,SL,B,R",hmxb,0.1,1.0,-32.7,276.2,,25.4,,13.7,,Be?,TP,,,265,,165,265
193,RX J0531.5-6518,82.90041666666667,-65.30444444444444,,R,hmxb,,,-32.7,275.1,,,,,,,,,,,250,,
194,4U 0532-664,83.205,-66.37055555555555,-0.1,"U,M,A,H,AS,G,R",hmxb,0.1,3.0,-32.5,276.3,Sk-Ph,1.4,,13.5,,O7III-V,P,-1.1,14.0,63,93,"365,508","280,365,431"
195,RX J0532.4-6535,83.10541666666667,-65.58583333333333,,R,hmxb,,0.01,-32.6,275.4,RGC 36,,,,(0.1-2.4 keV),,,,,250,,,575
196,RX J0532.5-6551,83.13583333333332,-65.86133333333333,,R,hmxb,,0.03,-32.6,275.7,Sk-65 66,,,,(0.1-2.4 keV),OB,V,,12.3,253,609,,609
197,RX J0535.0-6700,83.77458333333333,-67.00444444444445,,R,hmxb,,0.04,-32.2,277.1,RGC 28,241.0,,,(0.1-2.4 keV),Be?,T,,18.1,250,575,575,575
198,1A 0535-668,83.91875,-66.86472222222221,0.1,A,hmxb,0.1,0.01,-32.2,276.9,*Q,16.7,,0.069,,B2 III-Ve,PT,-0.9,12.3,63,"89,350","508,636","89,167,431,528"
199,3A 0535+262,84.72749999999999,26.315833333333334,0.45,"U,A,H",hmxb,0.8,3.0,-2.6,181.4,V725 Tau,111.0,,104.0,,O9.7IIIe,TP,-0.54,8.9,63,414,"508,561","225,449,653,660"
200,RX J0535.8-6530,83.97416666666666,-65.50944444444444,,R,hmxb,,0.5,-32.3,275.3,,,,,(0.1-2.4 keV),,,,,250,,,
201,4U 0538-641,84.73499999999999,-64.08361111111111,-0.2,"U,M,A,H,F,X",hmxb,0.1,1.7,-32.1,273.6,*1,1.7,,,,B3 Ve,U,-0.6,16.7,63,716,136,"136,431,708"
202,4U 0540-697,84.91125,-69.74333333333334,0.29,"U,M,A,H,X",hmxb,0.37,3.0,-31.5,280.2,*32,4.22,,,,O7-9 III,U,-0.7,14.5,63,"135,181",322,"47,318"
203,RX J0541.4-6936,85.34250000000002,-69.60805555555555,0.0,R,hmxb,,,-31.4,280.0,Sk-69 271,,,,,B2 SG,,,12.01,,612,,"335,603"
204,RX J0541.5-6833,85.40458333333333,-68.54222222222222,-0.03,R,hmxb,,,-31.4,278.8,LMC BI267,,,,,OB0,,-1.04,14.02,,,,74
205,H 0544-665,86.06458333333333,-66.56388888888888,-0.2,H,hmxb,0.1,1.8,-31.4,276.5,*1,,,,,B1Ve,,-0.96,15.4,349,349,,"431,715"
206,1SAX J0544.1-7100,86.02625,-71.01388888888889,0.13,"B, R, E",hmxb,0.32,0.14,-31.0,281.6,Be star,,,96.08,(2-10 keV),Be,TP,,15.33,151,151,151,151
207,1H 0556+286,88.97791666666666,28.785,,H,hmxb,,1.1,1.9,181.3,HD249179,,,,,B5ne,,,9.2,781,,,"557,698"
208,SAX J0635.2+0533,98.82249999999999,5.555805555555556,0.98,B,hmxb,1.2,0.55,-1.0,206.1,,,,0.0338,,B2V-B1IIIe,P,,12.83,352,352,152,352
209,RX J0648.0-4419,102.01916666666666,-44.31511111111111,-0.24,"R,B",hmxb,,0.03,-19.1,253.7,HD49798,1.55,,13.1789,,sdO6,P,-1.18,8.27,,329,"329,684",344
210,3A 0726-260,112.22250000000001,-26.10777777777778,0.3,"U,A,E,H,R,X",hmxb,0.6,1.2,-4.1,240.3,star,34.5,,103.2,,O8-9Ve,TP,-0.6,11.6,"743,781",654,131,"515,654"
211,1H 0739-529,116.84791666666666,-53.33277777777778,0.02,H,hmxb,,0.7,-13.7,266.4,HD63666,,,,,B7IV-Ve,,-0.24,7.62,781,646,,"293,437,518,698"
212,1H 0749-600,119.06583333333334,-61.099722222222226,0.05,H,hmxb,0.09,0.7,-16.2,274.0,HD65663,,,,,B8IIIe,,-0.25,6.73,781,646,,"153,154,698"
213,RX J0812.4-3114,123.11833333333333,-31.247500000000002,0.41,"R,X",hmxb,,0.6,1.6,249.6,LS 992,80.0,,31.8851,,B0.5V-IIIe,TP,-0.69,12.42,500,500,"125,577",500
214,GS 0834-430,128.97916666666669,-43.184999999999995,,"Gr,R,K,G,C",hmxb,4.0,30.0,-1.5,262.0,star   *D,110.0,,12.3,,B0-2III-Ve,TP,,20.4,239,334a,"239,773",334a
215,1M 0900-403,135.52875,-40.55472222222222,0.47,"U,M,A,H,B,X,AS,R",hmxb,0.7,2.0,3.9,263.1,HD77581,8.96,,283.0,,B0.5Ib,P,-0.51,6.9,63,213,"162,508,711","183,495,518,717"
216,GRO J1008-57,152.44166666666666,-58.29222222222222,-1.66,"C,R,AS,Exo",hmxb,1.9,1200.0,-1.8,283.0,star,135.0,,93.5,,O9-B1,TP,,15.27,663,109,"550,635,663","109,587"
217,E 1024.0-5732,156.48583333333335,-57.81166666666666,1.5,E,hmxb,1.8,1.0,-0.2,284.5,Wack 2134,,,0.061,(0.2-4.5 keV),O5:,P,,12.7,81,686,81,81
218,3A 1036-565,157.59375,-57.0775,-0.1,A,hmxb,,3.3,0.7,284.6,HD91188,,,,,B4IIIe,,-0.56,6.64,743,646,,"221,518"
219,RX J1037.5-5647,159.39666666666668,-56.79972222222222,0.9,R,hmxb,0.75,0.17,1.5,285.4,LS 1698,,,862.0,,B0V-IIIe,P,,11.3,577,500,577,500
220,E 1048.1-5937,162.5329166666667,-59.88777777777778,,E,hmxb,,0.1,-0.5,288.2,,,,6.44,,,P,,,632,477,"124,632",
221,1A 1118-615,170.23833333333334,-61.91611111111111,0.96,A,hmxb,1.2,0.1,-0.9,292.5,He3-640,,,405.0,,O9.5 III-Ve,PT,-0.3,12.1,"63, 497",339,508,339
222,4U 1119-603,170.3133333333333,-60.623333333333335,1.07,"U,M,A,H",hmxb,1.4,10.0,0.3,292.1,V779 Cen,2.09,,4.84,,O6.5 II-III,P,-0.04,13.3,63,"72,394","366,508","315,394,586"
223,4U 1145-619,177.00041666666667,-62.206944444444446,0.18,"U,M,A,H,S",hmxb,0.35,4.0,-0.2,295.6,Hen 715,187.5,,292.4,,B1Vne,PT,-0.81,9.3,63,64,"508,748","195,518,746"
224,E 1145.1-6141,176.86916666666667,-61.95388888888889,1.5,"A,E,C",hmxb,1.6,4.0,-0.0,295.5,V830 Cen,5.65,,298.0,,B2Iae,P,0.15,13.1,316,316,"325,508","166,325"
225,4U 1223-624,186.65666666666667,-62.77027777777778,1.76,"U,M,A,H,S,AS,C",hmxb,1.8,9.0,-0.0,300.1,BP Cru,41.59,,696.0,,B1-1.5Ia,PT,0.42,10.8,63,64,"508,613","59,260,688,734"
226,3A 1239-599,190.50708333333333,-60.20166666666667,,"A,H,S",hmxb,,3.0,2.6,301.8,,,,191.0,,,P,,,"63,743,781",177,297,
227,1A 1244-604,191.89583333333334,-60.64333333333333,,A,hmxb,,24.0,2.2,302.5,,,,,,,T,,,82,,,
228,4U 1246-588,192.4,-59.12166666666667,,"U,A,H",hmxb,,24.0,3.8,302.7,,,,,,,T,,,82,,,
229,1H 1249-637,190.70999999999998,-63.05888888888889,0.27,H,hmxb,0.4,2.2,-0.2,302.0,HD110432,,,,,B0IIIe,,-0.79,5.31,781,646,,"103,518"
230,1H 1253-761,189.8125,-75.36999999999999,0.08,H,hmxb,0.2,0.6,-12.5,302.1,HD109857,,,,,B7Vne,,-0.24,6.49,781,646,,"103,518"
231,1H 1255-567,193.6541666666667,-57.16833333333333,-0.12,H,hmxb,0.04,0.8,5.7,303.4,{mu}^2^ Cru,,,,,B5Ve,,-0.51,5.17,781,,,"518,639"
232,1M 1258-613,195.32166666666666,-61.60194444444445,1.7,"U,M,A,S",hmxb,2.0,0.3,1.2,302.1,V 850 Cen,133.0,,272.0,,B2Vne,PT?,0.8,13.5,"63,554",465,"508,562","127,256,538"
233,SAX J1324.4-6200,201.10958333333335,-62.014722222222225,,"B,AS,Exo,E",hmxb,,0.4,0.61,306.8,,,,170.84,,,P,,,13,,13,
234,3A 1417-624,215.30374999999998,-62.69833333333333,0.7,"U,M,A,S,C",hmxb,2.0,2.0,-1.6,313.0,*7,42.12,,17.6,,OBe,PT,0.8,17.2,63,18,"207,508",244
235,SAX J1452.8-5949,223.20541666666668,-59.82166666666667,,B,hmxb,,0.04,-0.44,317.6,,,,437.4,,,P,,,522,,522,
236,4U 1538-522,235.5970833333333,-52.38611111111111,1.9,"U,M,A,H,S",hmxb,2.1,3.0,2.1,327.4,QV Nor,3.73,,529.0,,B0Iab,P,0.6,14.4,63,17,"114,508","147,324,537"
237,2S 1553-542,239.455,-54.41444444444444,,S,hmxb,,27.0,-0.9,327.9,,30.6,,9.3,,,P,,,63,17,"367,508",
238,1H 1555-552,238.59166666666667,-55.32888888888889,0.56,H,hmxb,,1.7,-1.2,327.0,HD141926,,,,,B2nne,,-0.43,8.6,781,646,,"193,293"
239,OAO 1657-415,255.19958333333332,-41.67305555555555,,"OAO,B",hmxb,,4.0,0.3,344.4,star,10.4,,38.0,,B0-B6Ia-Iab,P,,,63,21,"84,205,508",84
240,4U 1700-377,255.98625,-37.844166666666666,0.27,"U,M,S,Gro,C,B",hmxb,0.52,11.0,2.2,347.8,HD153919,3.41,,,,O6.5f,,-0.72,6.6,63,351,"67,251,728","259,263,547,778"
241,AX J1700.1-4157,255.02208333333334,-41.96222222222222,,AS,hmxb,,0.4,0.25,344.0,,,,714.5,,,P,,,691,,691,
242,EXO 1722-363,261.4791666666667,-36.41166666666666,,Exo,hmxb,,0.2,-0.6,351.5,,,,413.0,,,P,,,"672,676",,"508,676",
243,XTE J1739-302,264.7208333333333,-30.26,,X,hmxb,,136.0,0.56,358.1,,,,,(2-25 keV),,T,,,645,,,
244,RX J1739.4-2942,264.87541666666664,-29.701944444444443,,"X, C",hmxb,,,-0.74,358.6,,,,,,,,,,,,,
245,RX J1744.7-2713,266.18916666666667,-27.22972222222222,0.44,R,hmxb,,0.06,1.1,1.36,HD161103,,,,,B2V-IIIe,,-0.64,8.4,,,,
246,AX J1749.2-2725,267.2920833333333,-27.421111111111113,,AS,hmxb,,1.36,0.1,1.7,,,,220.38,,,TP,,,690,,690,
247,GRO J1750-27,267.3,-26.647222222222222,,"C,AS",hmxb,,27.0,0.5,2.4,,29.8,,4.45,,,P,,,777,,"176,627",
248,4U 1807-10,272.675,-10.866666666666667,,U,hmxb,,2.0,3.9,18.6,,,,,,,T,,,215,,,
249,AX J1820.5-1434,275.12291666666664,-14.573333333333332,,AS,hmxb,,1.0,0.07,16.5,,,,152.26,,,P,,,376,,376,
250,RX J1826.2-1450,276.56208333333336,-14.84138888888889,0.94,R,hmxb,0.8,0.3,-1.29,17.9,LS 5039,,,,,O7V((f)),,-0.16,11.23,500,500,,500
251,H 1833-076,279.12041666666664,-7.605833333333333,,"A,H",hmxb,,1.6,-0.2,24.5,,,,111.0,,,PT,,,"388,563,743",237,"392,508",
252,GS 1839-06,280.425,-5.85,,G,hmxb,,1.0,-0.5,26.6,,,,,,,T,,,388,,,
253,GS 1839-04,280.45,-4.45,,G,hmxb,,2.5,0.1,27.9,,,,81.1,,,PT,,,388,,388,
254,GS 1843+009,281.375,0.95,,"G,C,X,B",hmxb,,0.4,1.7,33.1,,,,29.5,,,PT,,,388,,388,
255,GS 1845-03,281.85,-3.15,,G,hmxb,,1.0,-0.5,29.7,,,,,,,T,,,388,,,
256,3A 1845-024,282.07375,-2.4202777777777778,,"A,H,S,G,C,B",hmxb,,1.0,-0.4,30.4,,241.0,,94.8,,,PT,,,"63,388",237,"792,388",
257,AX 1845.0-0433,281.92083333333335,-4.503333333333333,2.2,AS,hmxb,2.45,45.0,-1.22,28.8,,,,,(0.7-10 keV),O9.5I,T,1.04,13.96,786,111,,111
258,GS 1855-02,284.5,-2.7333333333333334,,G,hmxb,,2.0,-2.7,31.3,,,,,,,PT,,,388,,,
259,XTE J1855-026,283.925,-2.6166666666666667,,X,hmxb,,6.0,-2.15,31.1,,6.1,,361.0,,,P,,,460,,"134,460",
260,XTE J1858+034,284.65,3.35,,X,hmxb,,25.0,-0.07,36.7,,,,221.0,,,TP,,,582,,670,
261,1RXS J190411.9+031210,286.05,3.175,,,hmxb,,2.0,-1.4,37.2,,,,,,,T,,,115,,,
262,XTE J1906+090,286.3333333333333,9.041666666666666,,X,hmxb,,0.7,1.04,42.6,,,,89.17,,,P,,,457,,457,
263,4U 1907+097,287.40791666666667,9.830277777777777,3.2,"U,M,A,H",hmxb,3.3,4.0,0.5,43.7,star,8.38,,438.0,,BI,PT,,16.4,63,625,"441,508","625,718"
264,3A 1909+048,287.9566666666667,4.982777777777778,2.1,"U,A,H,G",hmxb,2.6,2.0,-2.2,39.7,SS433,13.1,,,,pec,,0.6,14.2,63,407,145,"450,507,740"
265,1H 1936+541,293.2179166666667,53.87916666666667,,H,hmxb,,0.7,15.9,85.9,DM+53 2262,,,,,Be,,,9.8,781,,,698
266,XTE J1946+274,296.4083333333333,27.360555555555557,,"A,X,B",hmxb,,1.0,1.38,63.2,,80.0,,15.8,(2-60 keV),,TP,,,"666,743",,"80,644",
267,KS 1947+300,297.3983333333333,30.20861111111111,0.9,K,hmxb,1.1,10.0,2.1,66.1,*3,,,,,,T,-0.3,14.2,60,238,,"234,238"
268,GRO J1948+32,297.0,32.0,,C,hmxb,,27.0,1.8,64.9,,35.0,70.0,18.7,(20-75 keV),,P,,,85,,85,
269,4U 1954+319,298.9304166666667,32.100833333333334,,"U,A",hmxb,,1.5,1.9,68.4,,,,,,,,,,"119,743",119,,
270,1M 1956+350,299.59041666666667,35.20166666666667,0.84,"U,M,A,H,X,G,C",hmxb,1.06,235.0,3.1,71.3,HD226868,5.0,,,,O9.7Iab,U,-0.26,8.9,63,568,227,"116,158,518"
271,EXO 2030+375,308.06375,37.6375,3.3,"Exo,C,B,X,AS",hmxb,3.8,0.5,-1.3,77.2,*2,46.0,,41.8,,B0,PT,,19.7,541,"107,496","508,541,662","107,496"
272,1M 2030+407,308.1070833333334,40.95777777777778,,"U,M,A,H,CX",hmxb,6.3,90.0,0.7,79.9,V1521 Cyg,0.2,,,,Wolf-Rayet,,,,63,741,543,"493,719,741"
273,RX J2030.5+4751,307.6275,47.86277777777778,0.38,R,hmxb,,0.04,5.02,85.2,SAO 49725,,,,,B0.5V-IIIe,,-0.65,9.27,500,500,,500
274,GRO J2058+42,314.75,41.71666666666667,,"C, X",hmxb,,320.0,-2.75,83.5,,110.0,,198.0,,,TP,,,775,83,775,
275,SAX J2103.5+4545,315.8875,45.75,,"B,X",hmxb,,20.0,0.71,87.1,,12.68,,358.61,,,P,,,34,,"34,301",
276,4U 2135+57,324.89166666666665,57.059999999999995,,"M,H,G",hmxb,,6.0,3.3,99.0,star,,,66.2,,B1,PT,,,391,,"391,508",53a
277,1H 2202+501,330.40916666666664,50.16777777777777,,H,hmxb,,0.7,-4.0,97.3,DM+49 3718,,,,,Be,,,8.8,781,646,,698
278,4U 2206+543,331.9875,54.51833333333333,0.2,"U,M,A,H",hmxb,0.5,0.6,-1.1,100.6,star,,,392.0,,B1e,,-0.6,9.9,"743,781",654,611,654
279,1H 2214+589,336.6379166666666,61.238055555555555,,H,hmxb,,0.5,3.1,106.4,GG3 71,,,,,B[e,,,11.0,781,233,,"264,698"
280,SAX J2239.3+6116,339.8370833333333,61.27411111111111,1.4,"B,A,U,X",hmxb,1.4,16.0,2.3,107.7,star,262.0,,,,B0V-B2IIIe,T,,15.1,327a,327a,327a,327a
